County,Poverty ,Year,Middle-Old,Middle-Young,Old,Young,Population,White Estimate,White ME,Black Estimate,Black ME,Native American Estimate,Native American ME,Asian Estimate,Asian ME,Pacific Estimate,Pacific ME,Other Estimate,Other ME,Two+ Estimate,Two+ ME,HighIncome,LowIncome,MidIncome
Adair,11.1,2016,1292,1164,2245,686,7006,"6,820",48,34,26,0,14,55,18,0,14,22,28,117,41,275,402,1341
Adair,11.1,2017,1292,1164,2245,686,7047,"6,820",48,34,26,0,14,55,18,0,14,22,28,117,41,275,402,1341
Adair,11.1,2018,1292,1164,2245,686,7028,"6,820",48,34,26,0,14,55,18,0,14,22,28,117,41,275,402,1341
Adair,11.1,2019,1292,1164,2245,686,7102,"6,820",48,34,26,0,14,55,18,0,14,22,28,117,41,275,402,1341
Adair,11.1,2020,1292,1164,2245,686,7059,"6,820",48,34,26,0,14,55,18,0,14,22,28,117,41,275,402,1341
Adams,13.4,2016,714,557,1173,350,3690,"3,515",17,4,7,8,13,23,24,0,10,34,16,49,29,169,191,649
Adams,13.4,2017,714,557,1173,350,3655,"3,515",17,4,7,8,13,23,24,0,10,34,16,49,29,169,191,649
Adams,13.4,2018,714,557,1173,350,3628,"3,515",17,4,7,8,13,23,24,0,10,34,16,49,29,169,191,649
Adams,13.4,2019,714,557,1173,350,3602,"3,515",17,4,7,8,13,23,24,0,10,34,16,49,29,169,191,649
Adams,13.4,2020,714,557,1173,350,3588,"3,515",17,4,7,8,13,23,24,0,10,34,16,49,29,169,191,649
Allamakee,11.4,2016,2733,2142,4098,1271,13847,"13,129",105,164,80,151,99,69,23,0,16,56,54,192,100,499,802,2354
Allamakee,11.4,2017,2733,2142,4098,1271,13812,"13,129",105,164,80,151,99,69,23,0,16,56,54,192,100,499,802,2354
Allamakee,11.4,2018,2733,2142,4098,1271,13832,"13,129",105,164,80,151,99,69,23,0,16,56,54,192,100,499,802,2354
Allamakee,11.4,2019,2733,2142,4098,1271,13671,"13,129",105,164,80,151,99,69,23,0,16,56,54,192,100,499,802,2354
Allamakee,11.4,2020,2733,2142,4098,1271,13642,"13,129",105,164,80,151,99,69,23,0,16,56,54,192,100,499,802,2354
Appanoose,19.7,2016,2427,1883,3899,1051,12515,"12,051",37,77,56,49,36,35,34,0,16,15,22,235,71,383,1374,1502
Appanoose,19.7,2017,2427,1883,3899,1051,12367,"12,051",37,77,56,49,36,35,34,0,16,15,22,235,71,383,1374,1502
Appanoose,19.7,2018,2427,1883,3899,1051,12467,"12,051",37,77,56,49,36,35,34,0,16,15,22,235,71,383,1374,1502
Appanoose,19.7,2019,2427,1883,3899,1051,12525,"12,051",37,77,56,49,36,35,34,0,16,15,22,235,71,383,1374,1502
Appanoose,19.7,2020,2427,1883,3899,1051,12430,"12,051",37,77,56,49,36,35,34,0,16,15,22,235,71,383,1374,1502
Audubon,11.3,2016,1118,796,1831,534,5625,"5,343",41,2,3,0,14,2,6,0,14,20,29,161,54,184,449,939
Audubon,11.3,2017,1118,796,1831,534,5550,"5,343",41,2,3,0,14,2,6,0,14,20,29,161,54,184,449,939
Audubon,11.3,2018,1118,796,1831,534,5482,"5,343",41,2,3,0,14,2,6,0,14,20,29,161,54,184,449,939
Audubon,11.3,2019,1118,796,1831,534,5491,"5,343",41,2,3,0,14,2,6,0,14,20,29,161,54,184,449,939
Audubon,11.3,2020,1118,796,1831,534,5481,"5,343",41,2,3,0,14,2,6,0,14,20,29,161,54,184,449,939
Benton,8.8,2016,5505,4417,6568,2327,25634,"24,651",147,94,45,40,35,100,31,0,18,186,113,487,120,1549,1232,4480
Benton,8.8,2017,5505,4417,6568,2327,25651,"24,651",147,94,45,40,35,100,31,0,18,186,113,487,120,1549,1232,4480
Benton,8.8,2018,5505,4417,6568,2327,25546,"24,651",147,94,45,40,35,100,31,0,18,186,113,487,120,1549,1232,4480
Benton,8.8,2019,5505,4417,6568,2327,25544,"24,651",147,94,45,40,35,100,31,0,18,186,113,487,120,1549,1232,4480
Benton,8.8,2020,5505,4417,6568,2327,25414,"24,651",147,94,45,40,35,100,31,0,18,186,113,487,120,1549,1232,4480
Black Hawk,15.5,2016,21472,22834,30209,20148,133144,"109,478",571,"12,674",462,523,149,"3,558",154,367,200,"1,412",397,"3,801",649,6573,7735,17021
Black Hawk,15.5,2017,21472,22834,30209,20148,132278,"109,478",571,"12,674",462,523,149,"3,558",154,367,200,"1,412",397,"3,801",649,6573,7735,17021
Black Hawk,15.5,2018,21472,22834,30209,20148,131769,"109,478",571,"12,674",462,523,149,"3,558",154,367,200,"1,412",397,"3,801",649,6573,7735,17021
Black Hawk,15.5,2019,21472,22834,30209,20148,131089,"109,478",571,"12,674",462,523,149,"3,558",154,367,200,"1,412",397,"3,801",649,6573,7735,17021
Black Hawk,15.5,2020,21472,22834,30209,20148,130786,"109,478",571,"12,674",462,523,149,"3,558",154,367,200,"1,412",397,"3,801",649,6573,7735,17021
Boone,7.2,2016,5326,4895,6791,2957,26434,"25,259",145,299,164,133,135,68,55,69,111,174,138,379,156,1617,998,4461
Boone,7.2,2017,5326,4895,6791,2957,26498,"25,259",145,299,164,133,135,68,55,69,111,174,138,379,156,1617,998,4461
Boone,7.2,2018,5326,4895,6791,2957,26356,"25,259",145,299,164,133,135,68,55,69,111,174,138,379,156,1617,998,4461
Boone,7.2,2019,5326,4895,6791,2957,26338,"25,259",145,299,164,133,135,68,55,69,111,174,138,379,156,1617,998,4461
Boone,7.2,2020,5326,4895,6791,2957,26277,"25,259",145,299,164,133,135,68,55,69,111,174,138,379,156,1617,998,4461
Bremer,7.1,2016,4518,4391,6328,2763,24796,"23,942",77,263,71,66,58,279,52,15,30,86,50,381,94,1541,869,4335
Bremer,7.1,2017,4518,4391,6328,2763,24861,"23,942",77,263,71,66,58,279,52,15,30,86,50,381,94,1541,869,4335
Bremer,7.1,2018,4518,4391,6328,2763,25022,"23,942",77,263,71,66,58,279,52,15,30,86,50,381,94,1541,869,4335
Bremer,7.1,2019,4518,4391,6328,2763,25170,"23,942",77,263,71,66,58,279,52,15,30,86,50,381,94,1541,869,4335
Bremer,7.1,2020,4518,4391,6328,2763,25311,"23,942",77,263,71,66,58,279,52,15,30,86,50,381,94,1541,869,4335
Buchanan,7.4,2016,3781,3796,5339,1936,20999,"20,533",74,30,21,44,39,73,96,2,4,3,5,456,126,1178,1075,3375
Buchanan,7.4,2017,3781,3796,5339,1936,21133,"20,533",74,30,21,44,39,73,96,2,4,3,5,456,126,1178,1075,3375
Buchanan,7.4,2018,3781,3796,5339,1936,21140,"20,533",74,30,21,44,39,73,96,2,4,3,5,456,126,1178,1075,3375
Buchanan,7.4,2019,3781,3796,5339,1936,21148,"20,533",74,30,21,44,39,73,96,2,4,3,5,456,126,1178,1075,3375
Buchanan,7.4,2020,3781,3796,5339,1936,21287,"20,533",74,30,21,44,39,73,96,2,4,3,5,456,126,1178,1075,3375
Buena Vista,10.9,2016,3579,3496,4153,2599,20327,"14,718",455,450,68,12,14,"2,099",43,332,10,"1,482",444,857,289,960,870,2777
Buena Vista,10.9,2017,3579,3496,4153,2599,20154,"14,718",455,450,68,12,14,"2,099",43,332,10,"1,482",444,857,289,960,870,2777
Buena Vista,10.9,2018,3579,3496,4153,2599,19807,"14,718",455,450,68,12,14,"2,099",43,332,10,"1,482",444,857,289,960,870,2777
Buena Vista,10.9,2019,3579,3496,4153,2599,19690,"14,718",455,450,68,12,14,"2,099",43,332,10,"1,482",444,857,289,960,870,2777
Buena Vista,10.9,2020,3579,3496,4153,2599,19772,"14,718",455,450,68,12,14,"2,099",43,332,10,"1,482",444,857,289,960,870,2777
Butler,11.1,2016,2746,2429,4405,1206,14694,"14,100",67,122,58,25,14,82,59,12,16,29,23,138,87,617,924,2678
Butler,11.1,2017,2746,2429,4405,1206,14593,"14,100",67,122,58,25,14,82,59,12,16,29,23,138,87,617,924,2678
Butler,11.1,2018,2746,2429,4405,1206,14516,"14,100",67,122,58,25,14,82,59,12,16,29,23,138,87,617,924,2678
Butler,11.1,2019,2746,2429,4405,1206,14404,"14,100",67,122,58,25,14,82,59,12,16,29,23,138,87,617,924,2678
Butler,11.1,2020,2746,2429,4405,1206,14333,"14,100",67,122,58,25,14,82,59,12,16,29,23,138,87,617,924,2678
Calhoun,11.6,2016,1711,1648,3052,1010,9808,"9,196",56,153,50,18,16,36,10,0,14,66,52,187,53,365,664,1646
Calhoun,11.6,2017,1711,1648,3052,1010,9730,"9,196",56,153,50,18,16,36,10,0,14,66,52,187,53,365,664,1646
Calhoun,11.6,2018,1711,1648,3052,1010,9653,"9,196",56,153,50,18,16,36,10,0,14,66,52,187,53,365,664,1646
Calhoun,11.6,2019,1711,1648,3052,1010,9616,"9,196",56,153,50,18,16,36,10,0,14,66,52,187,53,365,664,1646
Calhoun,11.6,2020,1711,1648,3052,1010,9473,"9,196",56,153,50,18,16,36,10,0,14,66,52,187,53,365,664,1646
Carroll,7.4,2016,4025,3266,5487,2073,20362,"19,056",84,103,139,84,100,134,4,0,18,236,87,537,157,1132,1129,3141
Carroll,7.4,2017,4025,3266,5487,2073,20256,"19,056",84,103,139,84,100,134,4,0,18,236,87,537,157,1132,1129,3141
Carroll,7.4,2018,4025,3266,5487,2073,20101,"19,056",84,103,139,84,100,134,4,0,18,236,87,537,157,1132,1129,3141
Carroll,7.4,2019,4025,3266,5487,2073,20118,"19,056",84,103,139,84,100,134,4,0,18,236,87,537,157,1132,1129,3141
Carroll,7.4,2020,4025,3266,5487,2073,19914,"19,056",84,103,139,84,100,134,4,0,18,236,87,537,157,1132,1129,3141
Cass,11.2,2016,2520,2132,4011,1152,13198,"12,577",66,79,64,36,41,43,16,17,25,92,60,146,67,615,792,2122
Cass,11.2,2017,2520,2132,4011,1152,13155,"12,577",66,79,64,36,41,43,16,17,25,92,60,146,67,615,792,2122
Cass,11.2,2018,2520,2132,4011,1152,12959,"12,577",66,79,64,36,41,43,16,17,25,92,60,146,67,615,792,2122
Cass,11.2,2019,2520,2132,4011,1152,12822,"12,577",66,79,64,36,41,43,16,17,25,92,60,146,67,615,792,2122
Cass,11.2,2020,2520,2132,4011,1152,12817,"12,577",66,79,64,36,41,43,16,17,25,92,60,146,67,615,792,2122
Cedar,7.4,2016,3748,3256,5081,1686,18351,"17,974",26,150,44,41,31,117,31,0,16,16,19,177,60,925,720,3324
Cedar,7.4,2017,3748,3256,5081,1686,18488,"17,974",26,150,44,41,31,117,31,0,16,16,19,177,60,925,720,3324
Cedar,7.4,2018,3748,3256,5081,1686,18508,"17,974",26,150,44,41,31,117,31,0,16,16,19,177,60,925,720,3324
Cedar,7.4,2019,3748,3256,5081,1686,18541,"17,974",26,150,44,41,31,117,31,0,16,16,19,177,60,925,720,3324
Cedar,7.4,2020,3748,3256,5081,1686,18485,"17,974",26,150,44,41,31,117,31,0,16,16,19,177,60,925,720,3324
Cerro Gordo,9.5,2016,8429,6931,12529,4446,43107,"39,878",227,906,255,154,81,488,91,91,89,285,125,870,252,2152,2308,7072
Cerro Gordo,9.5,2017,8429,6931,12529,4446,43030,"39,878",227,906,255,154,81,488,91,91,89,285,125,870,252,2152,2308,7072
Cerro Gordo,9.5,2018,8429,6931,12529,4446,42643,"39,878",227,906,255,154,81,488,91,91,89,285,125,870,252,2152,2308,7072
Cerro Gordo,9.5,2019,8429,6931,12529,4446,42477,"39,878",227,906,255,154,81,488,91,91,89,285,125,870,252,2152,2308,7072
Cerro Gordo,9.5,2020,8429,6931,12529,4446,42103,"39,878",227,906,255,154,81,488,91,91,89,285,125,870,252,2152,2308,7072
Cherokee,11.8,2016,2062,1850,3714,1086,11386,"10,479",117,344,133,0,16,125,74,0,16,8,10,325,130,611,629,1885
Cherokee,11.8,2017,2062,1850,3714,1086,11315,"10,479",117,344,133,0,16,125,74,0,16,8,10,325,130,611,629,1885
Cherokee,11.8,2018,2062,1850,3714,1086,11281,"10,479",117,344,133,0,16,125,74,0,16,8,10,325,130,611,629,1885
Cherokee,11.8,2019,2062,1850,3714,1086,11231,"10,479",117,344,133,0,16,125,74,0,16,8,10,325,130,611,629,1885
Cherokee,11.8,2020,2062,1850,3714,1086,11190,"10,479",117,344,133,0,16,125,74,0,16,8,10,325,130,611,629,1885
Chickasaw,7.8,2016,2309,1795,3490,1315,12098,"11,696",67,65,44,16,18,12,17,2,4,53,62,126,41,588,691,2042
Chickasaw,7.8,2017,2309,1795,3490,1315,12008,"11,696",67,65,44,16,18,12,17,2,4,53,62,126,41,588,691,2042
Chickasaw,7.8,2018,2309,1795,3490,1315,11965,"11,696",67,65,44,16,18,12,17,2,4,53,62,126,41,588,691,2042
Chickasaw,7.8,2019,2309,1795,3490,1315,11943,"11,696",67,65,44,16,18,12,17,2,4,53,62,126,41,588,691,2042
Chickasaw,7.8,2020,2309,1795,3490,1315,11834,"11,696",67,65,44,16,18,12,17,2,4,53,62,126,41,588,691,2042
Clarke,17.4,2016,1850,1680,2378,870,9293,"9,046",37,11,14,33,34,5,7,0,14,41,33,247,37,314,582,1541
Clarke,17.4,2017,1850,1680,2378,870,9395,"9,046",37,11,14,33,34,5,7,0,14,41,33,247,37,314,582,1541
Clarke,17.4,2018,1850,1680,2378,870,9489,"9,046",37,11,14,33,34,5,7,0,14,41,33,247,37,314,582,1541
Clarke,17.4,2019,1850,1680,2378,870,9382,"9,046",37,11,14,33,34,5,7,0,14,41,33,247,37,314,582,1541
Clarke,17.4,2020,1850,1680,2378,870,9353,"9,046",37,11,14,33,34,5,7,0,14,41,33,247,37,314,582,1541
Clay,10.4,2016,2871,2756,4726,1677,16301,"15,425",145,19,18,16,19,110,49,0,16,149,108,419,107,643,1051,2679
Clay,10.4,2017,2871,2756,4726,1677,16151,"15,425",145,19,18,16,19,110,49,0,16,149,108,419,107,643,1051,2679
Clay,10.4,2018,2871,2756,4726,1677,16167,"15,425",145,19,18,16,19,110,49,0,16,149,108,419,107,643,1051,2679
Clay,10.4,2019,2871,2756,4726,1677,16094,"15,425",145,19,18,16,19,110,49,0,16,149,108,419,107,643,1051,2679
Clay,10.4,2020,2871,2756,4726,1677,15976,"15,425",145,19,18,16,19,110,49,0,16,149,108,419,107,643,1051,2679
Clayton,12.3,2016,3511,2625,5632,1578,17657,"17,047",57,138,60,42,21,74,16,0,16,61,45,165,80,730,981,3009
Clayton,12.3,2017,3511,2625,5632,1578,17647,"17,047",57,138,60,42,21,74,16,0,16,61,45,165,80,730,981,3009
Clayton,12.3,2018,3511,2625,5632,1578,17515,"17,047",57,138,60,42,21,74,16,0,16,61,45,165,80,730,981,3009
Clayton,12.3,2019,3511,2625,5632,1578,17497,"17,047",57,138,60,42,21,74,16,0,16,61,45,165,80,730,981,3009
Clayton,12.3,2020,3511,2625,5632,1578,17321,"17,047",57,138,60,42,21,74,16,0,16,61,45,165,80,730,981,3009
Clinton,13.7,2016,9515,7981,12752,4459,47285,"43,623",163,"1,338",202,118,98,311,87,3,4,76,51,"1,265",268,1986,2773,7288
Clinton,13.7,2017,9515,7981,12752,4459,46926,"43,623",163,"1,338",202,118,98,311,87,3,4,76,51,"1,265",268,1986,2773,7288
Clinton,13.7,2018,9515,7981,12752,4459,46506,"43,623",163,"1,338",202,118,98,311,87,3,4,76,51,"1,265",268,1986,2773,7288
Clinton,13.7,2019,9515,7981,12752,4459,46559,"43,623",163,"1,338",202,118,98,311,87,3,4,76,51,"1,265",268,1986,2773,7288
Clinton,13.7,2020,9515,7981,12752,4459,46392,"43,623",163,"1,338",202,118,98,311,87,3,4,76,51,"1,265",268,1986,2773,7288
Crawford,18.7,2016,3207,3036,3840,1719,17107,"13,847",732,528,65,95,63,387,27,23,31,"1,424",762,694,265,667,1186,2662
Crawford,18.7,2017,3207,3036,3840,1719,17065,"13,847",732,528,65,95,63,387,27,23,31,"1,424",762,694,265,667,1186,2662
Crawford,18.7,2018,3207,3036,3840,1719,17081,"13,847",732,528,65,95,63,387,27,23,31,"1,424",762,694,265,667,1186,2662
Crawford,18.7,2019,3207,3036,3840,1719,16903,"13,847",732,528,65,95,63,387,27,23,31,"1,424",762,694,265,667,1186,2662
Crawford,18.7,2020,3207,3036,3840,1719,16834,"13,847",732,528,65,95,63,387,27,23,31,"1,424",762,694,265,667,1186,2662
Dallas,5.2,2016,15940,21870,15182,10102,84278,"80,317",598,"1,720",246,95,89,"4,163",357,104,123,776,353,"3,243",792,10628,2255,10624
Dallas,5.2,2017,15940,21870,15182,10102,87219,"80,317",598,"1,720",246,95,89,"4,163",357,104,123,776,353,"3,243",792,10628,2255,10624
Dallas,5.2,2018,15940,21870,15182,10102,89999,"80,317",598,"1,720",246,95,89,"4,163",357,104,123,776,353,"3,243",792,10628,2255,10624
Dallas,5.2,2019,15940,21870,15182,10102,93631,"80,317",598,"1,720",246,95,89,"4,163",357,104,123,776,353,"3,243",792,10628,2255,10624
Dallas,5.2,2020,15940,21870,15182,10102,96963,"80,317",598,"1,720",246,95,89,"4,163",357,104,123,776,353,"3,243",792,10628,2255,10624
Davis,10.4,2016,1522,1411,2192,891,8893,"8,753",46,0,14,38,47,51,41,0,14,19,25,116,45,518,350,1531
Davis,10.4,2017,1522,1411,2192,891,8969,"8,753",46,0,14,38,47,51,41,0,14,19,25,116,45,518,350,1531
Davis,10.4,2018,1522,1411,2192,891,8967,"8,753",46,0,14,38,47,51,41,0,14,19,25,116,45,518,350,1531
Davis,10.4,2019,1522,1411,2192,891,9006,"8,753",46,0,14,38,47,51,41,0,14,19,25,116,45,518,350,1531
Davis,10.4,2020,1522,1411,2192,891,9051,"8,753",46,0,14,38,47,51,41,0,14,19,25,116,45,518,350,1531
Decatur,15.8,2016,1232,1128,2109,1080,8061,"7,451",57,96,38,0,14,75,34,14,18,34,26,238,57,215,639,1179
Decatur,15.8,2017,1232,1128,2109,1080,7956,"7,451",57,96,38,0,14,75,34,14,18,34,26,238,57,215,639,1179
Decatur,15.8,2018,1232,1128,2109,1080,7901,"7,451",57,96,38,0,14,75,34,14,18,34,26,238,57,215,639,1179
Decatur,15.8,2019,1232,1128,2109,1080,7852,"7,451",57,96,38,0,14,75,34,14,18,34,26,238,57,215,639,1179
Decatur,15.8,2020,1232,1128,2109,1080,7769,"7,451",57,96,38,0,14,75,34,14,18,34,26,238,57,215,639,1179
Delaware,8.7,2016,3641,2727,4650,1499,17289,"16,559",133,40,47,16,17,85,58,0,16,109,92,298,88,1066,855,2829
Delaware,8.7,2017,3641,2727,4650,1499,17139,"16,559",133,40,47,16,17,85,58,0,16,109,92,298,88,1066,855,2829
Delaware,8.7,2018,3641,2727,4650,1499,17115,"16,559",133,40,47,16,17,85,58,0,16,109,92,298,88,1066,855,2829
Delaware,8.7,2019,3641,2727,4650,1499,17057,"16,559",133,40,47,16,17,85,58,0,16,109,92,298,88,1066,855,2829
Delaware,8.7,2020,3641,2727,4650,1499,16937,"16,559",133,40,47,16,17,85,58,0,16,109,92,298,88,1066,855,2829
Des Moines,14.9,2016,7306,6748,11144,3857,39719,"35,184",103,"2,375",238,44,61,363,96,2,6,132,98,"1,127",267,1872,2770,5862
Des Moines,14.9,2017,7306,6748,11144,3857,39400,"35,184",103,"2,375",238,44,61,363,96,2,6,132,98,"1,127",267,1872,2770,5862
Des Moines,14.9,2018,7306,6748,11144,3857,39259,"35,184",103,"2,375",238,44,61,363,96,2,6,132,98,"1,127",267,1872,2770,5862
Des Moines,14.9,2019,7306,6748,11144,3857,39051,"35,184",103,"2,375",238,44,61,363,96,2,6,132,98,"1,127",267,1872,2770,5862
Des Moines,14.9,2020,7306,6748,11144,3857,38708,"35,184",103,"2,375",238,44,61,363,96,2,6,132,98,"1,127",267,1872,2770,5862
Dickinson,7.5,2016,3269,2773,5992,1542,17135,"16,696",80,31,34,30,23,171,61,0,16,58,60,274,89,1136,960,2906
Dickinson,7.5,2017,3269,2773,5992,1542,17167,"16,696",80,31,34,30,23,171,61,0,16,58,60,274,89,1136,960,2906
Dickinson,7.5,2018,3269,2773,5992,1542,17159,"16,696",80,31,34,30,23,171,61,0,16,58,60,274,89,1136,960,2906
Dickinson,7.5,2019,3269,2773,5992,1542,17290,"16,696",80,31,34,30,23,171,61,0,16,58,60,274,89,1136,960,2906
Dickinson,7.5,2020,3269,2773,5992,1542,17549,"16,696",80,31,34,30,23,171,61,0,16,58,60,274,89,1136,960,2906
Dubuque,9.9,2016,18162,16834,23895,11482,96819,"89,329",262,"3,042",263,231,126,"1,144",146,577,26,451,189,"2,419",317,5821,4111,15256
Dubuque,9.9,2017,18162,16834,23895,11482,97162,"89,329",262,"3,042",263,231,126,"1,144",146,577,26,451,189,"2,419",317,5821,4111,15256
Dubuque,9.9,2018,18162,16834,23895,11482,96961,"89,329",262,"3,042",263,231,126,"1,144",146,577,26,451,189,"2,419",317,5821,4111,15256
Dubuque,9.9,2019,18162,16834,23895,11482,97432,"89,329",262,"3,042",263,231,126,"1,144",146,577,26,451,189,"2,419",317,5821,4111,15256
Dubuque,9.9,2020,18162,16834,23895,11482,97590,"89,329",262,"3,042",263,231,126,"1,144",146,577,26,451,189,"2,419",317,5821,4111,15256
Emmet,10.0,2016,1797,1460,2741,691,9588,"8,681",169,200,66,12,25,26,32,0,14,214,139,189,114,330,485,1512
Emmet,10.0,2017,1797,1460,2741,691,9428,"8,681",169,200,66,12,25,26,32,0,14,214,139,189,114,330,485,1512
Emmet,10.0,2018,1797,1460,2741,691,9276,"8,681",169,200,66,12,25,26,32,0,14,214,139,189,114,330,485,1512
Emmet,10.0,2019,1797,1460,2741,691,9224,"8,681",169,200,66,12,25,26,32,0,14,214,139,189,114,330,485,1512
Emmet,10.0,2020,1797,1460,2741,691,9095,"8,681",169,200,66,12,25,26,32,0,14,214,139,189,114,330,485,1512
Fayette,12.0,2016,3793,2992,5749,2006,19858,"18,595",157,299,94,26,26,87,60,1,3,29,28,567,193,689,1171,3172
Fayette,12.0,2017,3793,2992,5749,2006,19680,"18,595",157,299,94,26,26,87,60,1,3,29,28,567,193,689,1171,3172
Fayette,12.0,2018,3793,2992,5749,2006,19643,"18,595",157,299,94,26,26,87,60,1,3,29,28,567,193,689,1171,3172
Fayette,12.0,2019,3793,2992,5749,2006,19575,"18,595",157,299,94,26,26,87,60,1,3,29,28,567,193,689,1171,3172
Fayette,12.0,2020,3793,2992,5749,2006,19258,"18,595",157,299,94,26,26,87,60,1,3,29,28,567,193,689,1171,3172
Floyd,12.5,2016,3280,2459,4402,1548,15870,"14,651",150,241,96,87,95,240,15,107,93,47,40,340,181,696,841,2599
Floyd,12.5,2017,3280,2459,4402,1548,15778,"14,651",150,241,96,87,95,240,15,107,93,47,40,340,181,696,841,2599
Floyd,12.5,2018,3280,2459,4402,1548,15784,"14,651",150,241,96,87,95,240,15,107,93,47,40,340,181,696,841,2599
Floyd,12.5,2019,3280,2459,4402,1548,15655,"14,651",150,241,96,87,95,240,15,107,93,47,40,340,181,696,841,2599
Floyd,12.5,2020,3280,2459,4402,1548,15480,"14,651",150,241,96,87,95,240,15,107,93,47,40,340,181,696,841,2599
Franklin,15.8,2016,1966,1671,2951,939,10173,"9,688",137,133,71,5,6,0,16,0,16,18,26,247,158,361,807,1690
Franklin,15.8,2017,1966,1671,2951,939,10150,"9,688",137,133,71,5,6,0,16,0,16,18,26,247,158,361,807,1690
Franklin,15.8,2018,1966,1671,2951,939,10081,"9,688",137,133,71,5,6,0,16,0,16,18,26,247,158,361,807,1690
Franklin,15.8,2019,1966,1671,2951,939,10082,"9,688",137,133,71,5,6,0,16,0,16,18,26,247,158,361,807,1690
Franklin,15.8,2020,1966,1671,2951,939,9971,"9,688",137,133,71,5,6,0,16,0,16,18,26,247,158,361,807,1690
Fremont,8.1,2016,1350,1125,2156,649,6945,"6,611",57,58,40,18,13,0,14,0,14,85,55,123,57,402,372,1134
Fremont,8.1,2017,1350,1125,2156,649,6927,"6,611",57,58,40,18,13,0,14,0,14,85,55,123,57,402,372,1134
Fremont,8.1,2018,1350,1125,2156,649,6956,"6,611",57,58,40,18,13,0,14,0,14,85,55,123,57,402,372,1134
Fremont,8.1,2019,1350,1125,2156,649,6917,"6,611",57,58,40,18,13,0,14,0,14,85,55,123,57,402,372,1134
Fremont,8.1,2020,1350,1125,2156,649,6729,"6,611",57,58,40,18,13,0,14,0,14,85,55,123,57,402,372,1134
Greene,9.0,2016,1653,1465,2745,875,9011,"8,540",88,33,28,13,22,47,18,0,14,72,51,218,77,442,571,1472
Greene,9.0,2017,1653,1465,2745,875,8959,"8,540",88,33,28,13,22,47,18,0,14,72,51,218,77,442,571,1472
Greene,9.0,2018,1653,1465,2745,875,8971,"8,540",88,33,28,13,22,47,18,0,14,72,51,218,77,442,571,1472
Greene,9.0,2019,1653,1465,2745,875,8881,"8,540",88,33,28,13,22,47,18,0,14,72,51,218,77,442,571,1472
Greene,9.0,2020,1653,1465,2745,875,8795,"8,540",88,33,28,13,22,47,18,0,14,72,51,218,77,442,571,1472
Grundy,5.1,2016,2389,2182,3372,1145,12303,"11,992",24,85,52,9,12,40,15,0,16,0,16,136,62,797,507,2290
Grundy,5.1,2017,2389,2182,3372,1145,12296,"11,992",24,85,52,9,12,40,15,0,16,0,16,136,62,797,507,2290
Grundy,5.1,2018,2389,2182,3372,1145,12268,"11,992",24,85,52,9,12,40,15,0,16,0,16,136,62,797,507,2290
Grundy,5.1,2019,2389,2182,3372,1145,12227,"11,992",24,85,52,9,12,40,15,0,16,0,16,136,62,797,507,2290
Grundy,5.1,2020,2389,2182,3372,1145,12217,"11,992",24,85,52,9,12,40,15,0,16,0,16,136,62,797,507,2290
Guthrie,9.1,2016,2186,1697,3244,808,10661,"10,287",50,26,27,14,14,27,10,0,16,103,51,245,47,570,642,1896
Guthrie,9.1,2017,2186,1697,3244,808,10652,"10,287",50,26,27,14,14,27,10,0,16,103,51,245,47,570,642,1896
Guthrie,9.1,2018,2186,1697,3244,808,10719,"10,287",50,26,27,14,14,27,10,0,16,103,51,245,47,570,642,1896
Guthrie,9.1,2019,2186,1697,3244,808,10741,"10,287",50,26,27,14,14,27,10,0,16,103,51,245,47,570,642,1896
Guthrie,9.1,2020,2186,1697,3244,808,10737,"10,287",50,26,27,14,14,27,10,0,16,103,51,245,47,570,642,1896
Hamilton,7.5,2016,3072,2613,4061,1408,15090,"13,890",119,184,26,26,31,405,73,40,64,93,81,267,90,624,750,2614
Hamilton,7.5,2017,3072,2613,4061,1408,15034,"13,890",119,184,26,26,31,405,73,40,64,93,81,267,90,624,750,2614
Hamilton,7.5,2018,3072,2613,4061,1408,14887,"13,890",119,184,26,26,31,405,73,40,64,93,81,267,90,624,750,2614
Hamilton,7.5,2019,3072,2613,4061,1408,14797,"13,890",119,184,26,26,31,405,73,40,64,93,81,267,90,624,750,2614
Hamilton,7.5,2020,3072,2613,4061,1408,14716,"13,890",119,184,26,26,31,405,73,40,64,93,81,267,90,624,750,2614
Hancock,11.0,2016,2210,1780,3069,1101,10887,"10,241",82,143,62,30,18,41,42,0,16,114,68,140,64,488,752,2072
Hancock,11.0,2017,2210,1780,3069,1101,10762,"10,241",82,143,62,30,18,41,42,0,16,114,68,140,64,488,752,2072
Hancock,11.0,2018,2210,1780,3069,1101,10726,"10,241",82,143,62,30,18,41,42,0,16,114,68,140,64,488,752,2072
Hancock,11.0,2019,2210,1780,3069,1101,10664,"10,241",82,143,62,30,18,41,42,0,16,114,68,140,64,488,752,2072
Hancock,11.0,2020,2210,1780,3069,1101,10507,"10,241",82,143,62,30,18,41,42,0,16,114,68,140,64,488,752,2072
Hardin,9.6,2016,3307,2791,5062,1519,17193,"16,007",99,225,78,102,46,64,57,19,29,113,89,394,125,580,874,2982
Hardin,9.6,2017,3307,2791,5062,1519,17076,"16,007",99,225,78,102,46,64,57,19,29,113,89,394,125,580,874,2982
Hardin,9.6,2018,3307,2791,5062,1519,16965,"16,007",99,225,78,102,46,64,57,19,29,113,89,394,125,580,874,2982
Hardin,9.6,2019,3307,2791,5062,1519,16809,"16,007",99,225,78,102,46,64,57,19,29,113,89,394,125,580,874,2982
Hardin,9.6,2020,3307,2791,5062,1519,16575,"16,007",99,225,78,102,46,64,57,19,29,113,89,394,125,580,874,2982
Harrison,8.7,2016,2949,2353,3813,1418,14051,"13,666",37,41,32,34,29,37,24,19,24,16,15,230,59,811,879,2540
Harrison,8.7,2017,2949,2353,3813,1418,14116,"13,666",37,41,32,34,29,37,24,19,24,16,15,230,59,811,879,2540
Harrison,8.7,2018,2949,2353,3813,1418,14086,"13,666",37,41,32,34,29,37,24,19,24,16,15,230,59,811,879,2540
Harrison,8.7,2019,2949,2353,3813,1418,14034,"13,666",37,41,32,34,29,37,24,19,24,16,15,230,59,811,879,2540
Harrison,8.7,2020,2949,2353,3813,1418,13928,"13,666",37,41,32,34,29,37,24,19,24,16,15,230,59,811,879,2540
Henry,10.7,2016,3741,3553,5109,2288,19842,"18,091",176,446,62,68,65,545,71,9,13,156,101,574,160,639,1112,3350
Henry,10.7,2017,3741,3553,5109,2288,20056,"18,091",176,446,62,68,65,545,71,9,13,156,101,574,160,639,1112,3350
Henry,10.7,2018,3741,3553,5109,2288,20015,"18,091",176,446,62,68,65,545,71,9,13,156,101,574,160,639,1112,3350
Henry,10.7,2019,3741,3553,5109,2288,19835,"18,091",176,446,62,68,65,545,71,9,13,156,101,574,160,639,1112,3350
Henry,10.7,2020,3741,3553,5109,2288,19697,"18,091",176,446,62,68,65,545,71,9,13,156,101,574,160,639,1112,3350
Howard,9.0,2016,1742,1533,2525,851,9261,"8,965",61,33,20,1,2,48,36,2,4,1,3,151,70,304,600,1651
Howard,9.0,2017,1742,1533,2525,851,9235,"8,965",61,33,20,1,2,48,36,2,4,1,3,151,70,304,600,1651
Howard,9.0,2018,1742,1533,2525,851,9185,"8,965",61,33,20,1,2,48,36,2,4,1,3,151,70,304,600,1651
Howard,9.0,2019,1742,1533,2525,851,9146,"8,965",61,33,20,1,2,48,36,2,4,1,3,151,70,304,600,1651
Howard,9.0,2020,1742,1533,2525,851,9176,"8,965",61,33,20,1,2,48,36,2,4,1,3,151,70,304,600,1651
Humboldt,13.6,2016,1718,1716,2765,868,9530,"9,146",76,26,21,13,22,79,59,0,14,50,40,204,89,361,644,1579
Humboldt,13.6,2017,1718,1716,2765,868,9568,"9,146",76,26,21,13,22,79,59,0,14,50,40,204,89,361,644,1579
Humboldt,13.6,2018,1718,1716,2765,868,9520,"9,146",76,26,21,13,22,79,59,0,14,50,40,204,89,361,644,1579
Humboldt,13.6,2019,1718,1716,2765,868,9499,"9,146",76,26,21,13,22,79,59,0,14,50,40,204,89,361,644,1579
Humboldt,13.6,2020,1718,1716,2765,868,9473,"9,146",76,26,21,13,22,79,59,0,14,50,40,204,89,361,644,1579
Ida,11.6,2016,1199,1129,2054,624,6960,"6,634",40,114,32,5,7,5,8,0,14,44,33,60,30,320,419,1163
Ida,11.6,2017,1199,1129,2054,624,6864,"6,634",40,114,32,5,7,5,8,0,14,44,33,60,30,320,419,1163
Ida,11.6,2018,1199,1129,2054,624,6829,"6,634",40,114,32,5,7,5,8,0,14,44,33,60,30,320,419,1163
Ida,11.6,2019,1199,1129,2054,624,6822,"6,634",40,114,32,5,7,5,8,0,14,44,33,60,30,320,419,1163
Ida,11.6,2020,1199,1129,2054,624,6833,"6,634",40,114,32,5,7,5,8,0,14,44,33,60,30,320,419,1163
Iowa,8.4,2016,3419,2793,4252,1607,16202,"15,508",171,89,66,4,10,61,52,0,16,56,51,437,181,924,738,2838
Iowa,8.4,2017,3419,2793,4252,1607,16139,"15,508",171,89,66,4,10,61,52,0,16,56,51,437,181,924,738,2838
Iowa,8.4,2018,3419,2793,4252,1607,16150,"15,508",171,89,66,4,10,61,52,0,16,56,51,437,181,924,738,2838
Iowa,8.4,2019,3419,2793,4252,1607,16146,"15,508",171,89,66,4,10,61,52,0,16,56,51,437,181,924,738,2838
Iowa,8.4,2020,3419,2793,4252,1607,16138,"15,508",171,89,66,4,10,61,52,0,16,56,51,437,181,924,738,2838
Jackson,11.9,2016,4148,3130,5376,1846,19406,"18,675",52,138,106,3,5,82,26,106,150,43,50,301,149,1094,1248,3133
Jackson,11.9,2017,4148,3130,5376,1846,19377,"18,675",52,138,106,3,5,82,26,106,150,43,50,301,149,1094,1248,3133
Jackson,11.9,2018,4148,3130,5376,1846,19375,"18,675",52,138,106,3,5,82,26,106,150,43,50,301,149,1094,1248,3133
Jackson,11.9,2019,4148,3130,5376,1846,19375,"18,675",52,138,106,3,5,82,26,106,150,43,50,301,149,1094,1248,3133
Jackson,11.9,2020,4148,3130,5376,1846,19205,"18,675",52,138,106,3,5,82,26,106,150,43,50,301,149,1094,1248,3133
Jasper,9.1,2016,7538,6813,9606,3722,36722,"35,237",105,555,163,86,40,211,84,0,21,99,57,844,219,1822,2103,6085
Jasper,9.1,2017,7538,6813,9606,3722,36997,"35,237",105,555,163,86,40,211,84,0,21,99,57,844,219,1822,2103,6085
Jasper,9.1,2018,7538,6813,9606,3722,37121,"35,237",105,555,163,86,40,211,84,0,21,99,57,844,219,1822,2103,6085
Jasper,9.1,2019,7538,6813,9606,3722,37171,"35,237",105,555,163,86,40,211,84,0,21,99,57,844,219,1822,2103,6085
Jasper,9.1,2020,7538,6813,9606,3722,37148,"35,237",105,555,163,86,40,211,84,0,21,99,57,844,219,1822,2103,6085
Jefferson,13.2,2016,3207,3153,5433,2352,18027,"15,206",54,432,130,8,17,"2,037",316,0,16,103,67,367,353,482,1139,2213
Jefferson,13.2,2017,3207,3153,5433,2352,18108,"15,206",54,432,130,8,17,"2,037",316,0,16,103,67,367,353,482,1139,2213
Jefferson,13.2,2018,3207,3153,5433,2352,18102,"15,206",54,432,130,8,17,"2,037",316,0,16,103,67,367,353,482,1139,2213
Jefferson,13.2,2019,3207,3153,5433,2352,18180,"15,206",54,432,130,8,17,"2,037",316,0,16,103,67,367,353,482,1139,2213
Jefferson,13.2,2020,3207,3153,5433,2352,18347,"15,206",54,432,130,8,17,"2,037",316,0,16,103,67,367,353,482,1139,2213
Johnson,17.2,2016,22994,28627,24734,30962,147167,"121,694",739,"11,509",584,271,97,"9,346",440,74,42,"2,510",553,"5,415",693,10926,5407,16367
Johnson,17.2,2017,22994,28627,24734,30962,149703,"121,694",739,"11,509",584,271,97,"9,346",440,74,42,"2,510",553,"5,415",693,10926,5407,16367
Johnson,17.2,2018,22994,28627,24734,30962,151003,"121,694",739,"11,509",584,271,97,"9,346",440,74,42,"2,510",553,"5,415",693,10926,5407,16367
Johnson,17.2,2019,22994,28627,24734,30962,152480,"121,694",739,"11,509",584,271,97,"9,346",440,74,42,"2,510",553,"5,415",693,10926,5407,16367
Johnson,17.2,2020,22994,28627,24734,30962,153740,"121,694",739,"11,509",584,271,97,"9,346",440,74,42,"2,510",553,"5,415",693,10926,5407,16367
Jones,9.5,2016,4240,3706,5677,2016,20385,"19,442",167,453,178,37,31,183,192,0,18,0,18,460,196,912,1116,3203
Jones,9.5,2017,4240,3706,5677,2016,20610,"19,442",167,453,178,37,31,183,192,0,18,0,18,460,196,912,1116,3203
Jones,9.5,2018,4240,3706,5677,2016,20627,"19,442",167,453,178,37,31,183,192,0,18,0,18,460,196,912,1116,3203
Jones,9.5,2019,4240,3706,5677,2016,20634,"19,442",167,453,178,37,31,183,192,0,18,0,18,460,196,912,1116,3203
Jones,9.5,2020,4240,3706,5677,2016,20617,"19,442",167,453,178,37,31,183,192,0,18,0,18,460,196,912,1116,3203
Keokuk,12.3,2016,1904,1611,3033,949,10171,"9,882",35,40,25,9,9,12,13,2,3,77,32,141,25,449,617,1585
Keokuk,12.3,2017,1904,1611,3033,949,10144,"9,882",35,40,25,9,9,12,13,2,3,77,32,141,25,449,617,1585
Keokuk,12.3,2018,1904,1611,3033,949,10221,"9,882",35,40,25,9,9,12,13,2,3,77,32,141,25,449,617,1585
Keokuk,12.3,2019,1904,1611,3033,949,10192,"9,882",35,40,25,9,9,12,13,2,3,77,32,141,25,449,617,1585
Keokuk,12.3,2020,1904,1611,3033,949,10085,"9,882",35,40,25,9,9,12,13,2,3,77,32,141,25,449,617,1585
Kossuth,11.3,2016,2656,2265,4756,1557,15104,"14,308",72,174,44,23,13,89,21,1,3,67,45,202,81,733,898,2388
Kossuth,11.3,2017,2656,2265,4756,1557,14935,"14,308",72,174,44,23,13,89,21,1,3,67,45,202,81,733,898,2388
Kossuth,11.3,2018,2656,2265,4756,1557,14834,"14,308",72,174,44,23,13,89,21,1,3,67,45,202,81,733,898,2388
Kossuth,11.3,2019,2656,2265,4756,1557,14769,"14,308",72,174,44,23,13,89,21,1,3,67,45,202,81,733,898,2388
Kossuth,11.3,2020,2656,2265,4756,1557,14680,"14,308",72,174,44,23,13,89,21,1,3,67,45,202,81,733,898,2388
Lee,12.4,2016,6766,5719,9525,3564,34441,"31,637",141,"1,015",128,92,42,216,88,6,9,141,88,839,194,1316,2437,5635
Lee,12.4,2017,6766,5719,9525,3564,34239,"31,637",141,"1,015",128,92,42,216,88,6,9,141,88,839,194,1316,2437,5635
Lee,12.4,2018,6766,5719,9525,3564,33929,"31,637",141,"1,015",128,92,42,216,88,6,9,141,88,839,194,1316,2437,5635
Lee,12.4,2019,6766,5719,9525,3564,33641,"31,637",141,"1,015",128,92,42,216,88,6,9,141,88,839,194,1316,2437,5635
Lee,12.4,2020,6766,5719,9525,3564,33480,"31,637",141,"1,015",128,92,42,216,88,6,9,141,88,839,194,1316,2437,5635
Linn,9.4,2016,43289,44228,49193,27782,222299,"197,384",693,"12,595",790,429,236,"5,114",353,352,41,"1,429",519,"8,298",930,16295,9365,31427
Linn,9.4,2017,43289,44228,49193,27782,224553,"197,384",693,"12,595",790,429,236,"5,114",353,352,41,"1,429",519,"8,298",930,16295,9365,31427
Linn,9.4,2018,43289,44228,49193,27782,226060,"197,384",693,"12,595",790,429,236,"5,114",353,352,41,"1,429",519,"8,298",930,16295,9365,31427
Linn,9.4,2019,43289,44228,49193,27782,227241,"197,384",693,"12,595",790,429,236,"5,114",353,352,41,"1,429",519,"8,298",930,16295,9365,31427
Linn,9.4,2020,43289,44228,49193,27782,227854,"197,384",693,"12,595",790,429,236,"5,114",353,352,41,"1,429",519,"8,298",930,16295,9365,31427
Louisa,9.1,2016,2127,1934,2890,1320,11219,"9,739",172,134,28,26,22,389,89,0,16,612,167,225,115,556,595,1909
Louisa,9.1,2017,2127,1934,2890,1320,11203,"9,739",172,134,28,26,22,389,89,0,16,612,167,225,115,556,595,1909
Louisa,9.1,2018,2127,1934,2890,1320,11135,"9,739",172,134,28,26,22,389,89,0,16,612,167,225,115,556,595,1909
Louisa,9.1,2019,2127,1934,2890,1320,11059,"9,739",172,134,28,26,22,389,89,0,16,612,167,225,115,556,595,1909
Louisa,9.1,2020,2127,1934,2890,1320,11011,"9,739",172,134,28,26,22,389,89,0,16,612,167,225,115,556,595,1909
Lucas,14.4,2016,1795,1285,2424,840,8565,"8,398",69,24,28,4,6,0,14,0,14,23,36,107,61,384,598,1558
Lucas,14.4,2017,1795,1285,2424,840,8537,"8,398",69,24,28,4,6,0,14,0,14,23,36,107,61,384,598,1558
Lucas,14.4,2018,1795,1285,2424,840,8590,"8,398",69,24,28,4,6,0,14,0,14,23,36,107,61,384,598,1558
Lucas,14.4,2019,1795,1285,2424,840,8561,"8,398",69,24,28,4,6,0,14,0,14,23,36,107,61,384,598,1558
Lucas,14.4,2020,1795,1285,2424,840,8518,"8,398",69,24,28,4,6,0,14,0,14,23,36,107,61,384,598,1558
Lyon,4.7,2016,2027,2119,2882,1042,11800,"11,340",59,12,11,40,27,47,12,33,27,124,54,204,67,533,559,2272
Lyon,4.7,2017,2027,2119,2882,1042,11791,"11,340",59,12,11,40,27,47,12,33,27,124,54,204,67,533,559,2272
Lyon,4.7,2018,2027,2119,2882,1042,11849,"11,340",59,12,11,40,27,47,12,33,27,124,54,204,67,533,559,2272
Lyon,4.7,2019,2027,2119,2882,1042,11806,"11,340",59,12,11,40,27,47,12,33,27,124,54,204,67,533,559,2272
Lyon,4.7,2020,2027,2119,2882,1042,11756,"11,340",59,12,11,40,27,47,12,33,27,124,54,204,67,533,559,2272
Madison,5.8,2016,3407,2962,3883,1506,15800,"15,656",46,90,52,35,43,157,68,0,16,7,12,203,93,1424,728,2777
Madison,5.8,2017,3407,2962,3883,1506,16005,"15,656",46,90,52,35,43,157,68,0,16,7,12,203,93,1424,728,2777
Madison,5.8,2018,3407,2962,3883,1506,16140,"15,656",46,90,52,35,43,157,68,0,16,7,12,203,93,1424,728,2777
Madison,5.8,2019,3407,2962,3883,1506,16273,"15,656",46,90,52,35,43,157,68,0,16,7,12,203,93,1424,728,2777
Madison,5.8,2020,3407,2962,3883,1506,16521,"15,656",46,90,52,35,43,157,68,0,16,7,12,203,93,1424,728,2777
Mahaska,12.7,2016,4112,3883,5561,2256,22325,"21,069",93,356,95,28,24,287,84,50,66,126,94,435,104,803,1382,3724
Mahaska,12.7,2017,4112,3883,5561,2256,22422,"21,069",93,356,95,28,24,287,84,50,66,126,94,435,104,803,1382,3724
Mahaska,12.7,2018,4112,3883,5561,2256,22203,"21,069",93,356,95,28,24,287,84,50,66,126,94,435,104,803,1382,3724
Mahaska,12.7,2019,4112,3883,5561,2256,22429,"21,069",93,356,95,28,24,287,84,50,66,126,94,435,104,803,1382,3724
Mahaska,12.7,2020,4112,3883,5561,2256,22370,"21,069",93,356,95,28,24,287,84,50,66,126,94,435,104,803,1382,3724
Marion,7.3,2016,6298,5736,8239,3509,33157,"31,719",140,350,75,59,22,343,97,11,18,127,92,584,153,2022,1544,5765
Marion,7.3,2017,6298,5736,8239,3509,33107,"31,719",140,350,75,59,22,343,97,11,18,127,92,584,153,2022,1544,5765
Marion,7.3,2018,6298,5736,8239,3509,33251,"31,719",140,350,75,59,22,343,97,11,18,127,92,584,153,2022,1544,5765
Marion,7.3,2019,6298,5736,8239,3509,33280,"31,719",140,350,75,59,22,343,97,11,18,127,92,584,153,2022,1544,5765
Marion,7.3,2020,6298,5736,8239,3509,33168,"31,719",140,350,75,59,22,343,97,11,18,127,92,584,153,2022,1544,5765
Marshall,11.6,2016,7423,6907,9764,4279,40122,"33,619",741,482,198,87,71,"1,475",88,15,21,"2,437",725,"1,689",529,1648,2136,6229
Marshall,11.6,2017,7423,6907,9764,4279,40051,"33,619",741,482,198,87,71,"1,475",88,15,21,"2,437",725,"1,689",529,1648,2136,6229
Marshall,11.6,2018,7423,6907,9764,4279,39879,"33,619",741,482,198,87,71,"1,475",88,15,21,"2,437",725,"1,689",529,1648,2136,6229
Marshall,11.6,2019,7423,6907,9764,4279,39472,"33,619",741,482,198,87,71,"1,475",88,15,21,"2,437",725,"1,689",529,1648,2136,6229
Marshall,11.6,2020,7423,6907,9764,4279,39495,"33,619",741,482,198,87,71,"1,475",88,15,21,"2,437",725,"1,689",529,1648,2136,6229
Mills,6.9,2016,3161,2601,3956,1278,15041,"14,483",79,72,53,86,52,58,20,0,16,101,64,223,52,1069,495,2111
Mills,6.9,2017,3161,2601,3956,1278,15060,"14,483",79,72,53,86,52,58,20,0,16,101,64,223,52,1069,495,2111
Mills,6.9,2018,3161,2601,3956,1278,15122,"14,483",79,72,53,86,52,58,20,0,16,101,64,223,52,1069,495,2111
Mills,6.9,2019,3161,2601,3956,1278,15124,"14,483",79,72,53,86,52,58,20,0,16,101,64,223,52,1069,495,2111
Mills,6.9,2020,3161,2601,3956,1278,14766,"14,483",79,72,53,86,52,58,20,0,16,101,64,223,52,1069,495,2111
Mitchell,6.7,2016,1998,1616,3058,1125,10650,"10,362",26,47,32,28,28,44,23,0,16,22,20,85,46,577,545,1826
Mitchell,6.7,2017,1998,1616,3058,1125,10544,"10,362",26,47,32,28,28,44,23,0,16,22,20,85,46,577,545,1826
Mitchell,6.7,2018,1998,1616,3058,1125,10536,"10,362",26,47,32,28,28,44,23,0,16,22,20,85,46,577,545,1826
Mitchell,6.7,2019,1998,1616,3058,1125,10565,"10,362",26,47,32,28,28,44,23,0,16,22,20,85,46,577,545,1826
Mitchell,6.7,2020,1998,1616,3058,1125,10647,"10,362",26,47,32,28,28,44,23,0,16,22,20,85,46,577,545,1826
Monona,12.8,2016,1654,1307,2869,871,8779,"8,314",21,28,36,111,88,0,14,36,55,5,7,181,89,445,500,1450
Monona,12.8,2017,1654,1307,2869,871,8721,"8,314",21,28,36,111,88,0,14,36,55,5,7,181,89,445,500,1450
Monona,12.8,2018,1654,1307,2869,871,8649,"8,314",21,28,36,111,88,0,14,36,55,5,7,181,89,445,500,1450
Monona,12.8,2019,1654,1307,2869,871,8626,"8,314",21,28,36,111,88,0,14,36,55,5,7,181,89,445,500,1450
Monona,12.8,2020,1654,1307,2869,871,8598,"8,314",21,28,36,111,88,0,14,36,55,5,7,181,89,445,500,1450
Monroe,13.2,2016,1615,1253,2082,772,7835,"7,476",98,2,4,0,14,22,31,0,14,1,2,260,87,256,292,1449
Monroe,13.2,2017,1615,1253,2082,772,7782,"7,476",98,2,4,0,14,22,31,0,14,1,2,260,87,256,292,1449
Monroe,13.2,2018,1615,1253,2082,772,7738,"7,476",98,2,4,0,14,22,31,0,14,1,2,260,87,256,292,1449
Monroe,13.2,2019,1615,1253,2082,772,7681,"7,476",98,2,4,0,14,22,31,0,14,1,2,260,87,256,292,1449
Monroe,13.2,2020,1615,1253,2082,772,7770,"7,476",98,2,4,0,14,22,31,0,14,1,2,260,87,256,292,1449
Montgomery,12.5,2016,1976,1478,3008,949,10135,"9,615",105,15,27,116,104,9,15,0,16,29,37,232,62,345,739,1753
Montgomery,12.5,2017,1976,1478,3008,949,10119,"9,615",105,15,27,116,104,9,15,0,16,29,37,232,62,345,739,1753
Montgomery,12.5,2018,1976,1478,3008,949,9976,"9,615",105,15,27,116,104,9,15,0,16,29,37,232,62,345,739,1753
Montgomery,12.5,2019,1976,1478,3008,949,9917,"9,615",105,15,27,116,104,9,15,0,16,29,37,232,62,345,739,1753
Montgomery,12.5,2020,1976,1478,3008,949,9935,"9,615",105,15,27,116,104,9,15,0,16,29,37,232,62,345,739,1753
Muscatine,9.6,2016,8066,7750,10002,4603,42942,"37,967",425,"1,011",149,109,90,379,65,12,23,"1,576",364,"1,649",316,2161,2616,6338
Muscatine,9.6,2017,8066,7750,10002,4603,42825,"37,967",425,"1,011",149,109,90,379,65,12,23,"1,576",364,"1,649",316,2161,2616,6338
Muscatine,9.6,2018,8066,7750,10002,4603,42784,"37,967",425,"1,011",149,109,90,379,65,12,23,"1,576",364,"1,649",316,2161,2616,6338
Muscatine,9.6,2019,8066,7750,10002,4603,42571,"37,967",425,"1,011",149,109,90,379,65,12,23,"1,576",364,"1,649",316,2161,2616,6338
Muscatine,9.6,2020,8066,7750,10002,4603,42394,"37,967",425,"1,011",149,109,90,379,65,12,23,"1,576",364,"1,649",316,2161,2616,6338
O'Brien,11.1,2016,2575,2310,3851,1390,13921,"13,034",147,245,53,29,27,114,16,4,7,167,100,203,97,618,661,2334
O'Brien,11.1,2017,2575,2310,3851,1390,13777,"13,034",147,245,53,29,27,114,16,4,7,167,100,203,97,618,661,2334
O'Brien,11.1,2018,2575,2310,3851,1390,13806,"13,034",147,245,53,29,27,114,16,4,7,167,100,203,97,618,661,2334
O'Brien,11.1,2019,2575,2310,3851,1390,13796,"13,034",147,245,53,29,27,114,16,4,7,167,100,203,97,618,661,2334
O'Brien,11.1,2020,2575,2310,3851,1390,13679,"13,034",147,245,53,29,27,114,16,4,7,167,100,203,97,618,661,2334
Osceola,12.2,2016,1145,932,1842,556,6089,"5,608",83,55,27,13,11,26,22,3,4,96,67,215,80,242,352,1047
Osceola,12.2,2017,1145,932,1842,556,6024,"5,608",83,55,27,13,11,26,22,3,4,96,67,215,80,242,352,1047
Osceola,12.2,2018,1145,932,1842,556,6020,"5,608",83,55,27,13,11,26,22,3,4,96,67,215,80,242,352,1047
Osceola,12.2,2019,1145,932,1842,556,5961,"5,608",83,55,27,13,11,26,22,3,4,96,67,215,80,242,352,1047
Osceola,12.2,2020,1145,932,1842,556,5987,"5,608",83,55,27,13,11,26,22,3,4,96,67,215,80,242,352,1047
Page,12.4,2016,2881,2756,4581,1631,15343,"14,189",99,340,107,52,31,160,19,26,30,51,68,387,116,503,966,2412
Page,12.4,2017,2881,2756,4581,1631,15253,"14,189",99,340,107,52,31,160,19,26,30,51,68,387,116,503,966,2412
Page,12.4,2018,2881,2756,4581,1631,15227,"14,189",99,340,107,52,31,160,19,26,30,51,68,387,116,503,966,2412
Page,12.4,2019,2881,2756,4581,1631,15129,"14,189",99,340,107,52,31,160,19,26,30,51,68,387,116,503,966,2412
Page,12.4,2020,2881,2756,4581,1631,15073,"14,189",99,340,107,52,31,160,19,26,30,51,68,387,116,503,966,2412
Palo Alto,5.7,2016,1674,1528,2518,819,9032,"8,439",105,134,75,32,42,13,14,0,14,31,29,292,116,349,371,1458
Palo Alto,5.7,2017,1674,1528,2518,819,9045,"8,439",105,134,75,32,42,13,14,0,14,31,29,292,116,349,371,1458
Palo Alto,5.7,2018,1674,1528,2518,819,8910,"8,439",105,134,75,32,42,13,14,0,14,31,29,292,116,349,371,1458
Palo Alto,5.7,2019,1674,1528,2518,819,8873,"8,439",105,134,75,32,42,13,14,0,14,31,29,292,116,349,371,1458
Palo Alto,5.7,2020,1674,1528,2518,819,8845,"8,439",105,134,75,32,42,13,14,0,14,31,29,292,116,349,371,1458
Plymouth,7.2,2016,4954,4363,6463,2291,25207,"23,761",221,383,69,135,39,171,55,0,18,470,231,221,115,1663,1146,4637
Plymouth,7.2,2017,4954,4363,6463,2291,25053,"23,761",221,383,69,135,39,171,55,0,18,470,231,221,115,1663,1146,4637
Plymouth,7.2,2018,4954,4363,6463,2291,25024,"23,761",221,383,69,135,39,171,55,0,18,470,231,221,115,1663,1146,4637
Plymouth,7.2,2019,4954,4363,6463,2291,25200,"23,761",221,383,69,135,39,171,55,0,18,470,231,221,115,1663,1146,4637
Plymouth,7.2,2020,4954,4363,6463,2291,25219,"23,761",221,383,69,135,39,171,55,0,18,470,231,221,115,1663,1146,4637
Pocahontas,11.2,2016,1299,1003,2133,664,6845,"6,455",36,28,34,11,21,54,62,32,45,43,33,102,66,224,503,1131
Pocahontas,11.2,2017,1299,1003,2133,664,6830,"6,455",36,28,34,11,21,54,62,32,45,43,33,102,66,224,503,1131
Pocahontas,11.2,2018,1299,1003,2133,664,6709,"6,455",36,28,34,11,21,54,62,32,45,43,33,102,66,224,503,1131
Pocahontas,11.2,2019,1299,1003,2133,664,6632,"6,455",36,28,34,11,21,54,62,32,45,43,33,102,66,224,503,1131
Pocahontas,11.2,2020,1299,1003,2133,664,6607,"6,455",36,28,34,11,21,54,62,32,45,43,33,102,66,224,503,1131
Polk,10.4,2016,91744,103629,89113,62565,474593,"400,882","1,384","33,808","1,084","1,180",271,"23,235",598,417,88,"8,538","1,089","17,358","1,412",33902,20847,62371
Polk,10.4,2017,91744,103629,89113,62565,480962,"400,882","1,384","33,808","1,084","1,180",271,"23,235",598,417,88,"8,538","1,089","17,358","1,412",33902,20847,62371
Polk,10.4,2018,91744,103629,89113,62565,486222,"400,882","1,384","33,808","1,084","1,180",271,"23,235",598,417,88,"8,538","1,089","17,358","1,412",33902,20847,62371
Polk,10.4,2019,91744,103629,89113,62565,491031,"400,882","1,384","33,808","1,084","1,180",271,"23,235",598,417,88,"8,538","1,089","17,358","1,412",33902,20847,62371
Polk,10.4,2020,91744,103629,89113,62565,494281,"400,882","1,384","33,808","1,084","1,180",271,"23,235",598,417,88,"8,538","1,089","17,358","1,412",33902,20847,62371
Pottawattamie,10.3,2016,18452,16808,22654,10104,93649,"86,673",563,"1,561",246,365,117,723,228,11,20,"1,564",519,"2,581",465,4729,5089,13837
Pottawattamie,10.3,2017,18452,16808,22654,10104,93563,"86,673",563,"1,561",246,365,117,723,228,11,20,"1,564",519,"2,581",465,4729,5089,13837
Pottawattamie,10.3,2018,18452,16808,22654,10104,93445,"86,673",563,"1,561",246,365,117,723,228,11,20,"1,564",519,"2,581",465,4729,5089,13837
Pottawattamie,10.3,2019,18452,16808,22654,10104,93405,"86,673",563,"1,561",246,365,117,723,228,11,20,"1,564",519,"2,581",465,4729,5089,13837
Pottawattamie,10.3,2020,18452,16808,22654,10104,93328,"86,673",563,"1,561",246,365,117,723,228,11,20,"1,564",519,"2,581",465,4729,5089,13837
Poweshiek,10.9,2016,3306,2719,5084,2128,18297,"17,162",97,245,86,2,6,423,34,0,16,100,60,459,112,1051,899,2751
Poweshiek,10.9,2017,3306,2719,5084,2128,18359,"17,162",97,245,86,2,6,423,34,0,16,100,60,459,112,1051,899,2751
Poweshiek,10.9,2018,3306,2719,5084,2128,18461,"17,162",97,245,86,2,6,423,34,0,16,100,60,459,112,1051,899,2751
Poweshiek,10.9,2019,3306,2719,5084,2128,18458,"17,162",97,245,86,2,6,423,34,0,16,100,60,459,112,1051,899,2751
Poweshiek,10.9,2020,3306,2719,5084,2128,18381,"17,162",97,245,86,2,6,423,34,0,16,100,60,459,112,1051,899,2751
Ringgold,10.0,2016,892,744,1536,314,4994,"4,708",36,5,9,10,11,38,33,0,10,99,36,62,30,226,307,702
Ringgold,10.0,2017,892,744,1536,314,5029,"4,708",36,5,9,10,11,38,33,0,10,99,36,62,30,226,307,702
Ringgold,10.0,2018,892,744,1536,314,4921,"4,708",36,5,9,10,11,38,33,0,10,99,36,62,30,226,307,702
Ringgold,10.0,2019,892,744,1536,314,4866,"4,708",36,5,9,10,11,38,33,0,10,99,36,62,30,226,307,702
Ringgold,10.0,2020,892,744,1536,314,4801,"4,708",36,5,9,10,11,38,33,0,10,99,36,62,30,226,307,702
Sac,10.5,2016,1945,1467,3012,835,9804,"9,452",47,70,58,0,14,38,34,0,14,53,46,98,46,528,548,1700
Sac,10.5,2017,1945,1467,3012,835,9797,"9,452",47,70,58,0,14,38,34,0,14,53,46,98,46,528,548,1700
Sac,10.5,2018,1945,1467,3012,835,9675,"9,452",47,70,58,0,14,38,34,0,14,53,46,98,46,528,548,1700
Sac,10.5,2019,1945,1467,3012,835,9675,"9,452",47,70,58,0,14,38,34,0,14,53,46,98,46,528,548,1700
Sac,10.5,2020,1945,1467,3012,835,9603,"9,452",47,70,58,0,14,38,34,0,14,53,46,98,46,528,548,1700
Scott,11.9,2016,32994,33809,39533,18949,172361,"145,722",546,"12,765",689,505,158,"4,827",252,21,25,"1,509",425,"7,589",845,11259,8075,23410
Scott,11.9,2017,32994,33809,39533,18949,172691,"145,722",546,"12,765",689,505,158,"4,827",252,21,25,"1,509",425,"7,589",845,11259,8075,23410
Scott,11.9,2018,32994,33809,39533,18949,173019,"145,722",546,"12,765",689,505,158,"4,827",252,21,25,"1,509",425,"7,589",845,11259,8075,23410
Scott,11.9,2019,32994,33809,39533,18949,173400,"145,722",546,"12,765",689,505,158,"4,827",252,21,25,"1,509",425,"7,589",845,11259,8075,23410
Scott,11.9,2020,32994,33809,39533,18949,173216,"145,722",546,"12,765",689,505,158,"4,827",252,21,25,"1,509",425,"7,589",845,11259,8075,23410
Shelby,8.9,2016,2410,1723,3490,1061,11662,"11,094",61,115,76,20,31,37,68,0,16,131,57,147,86,731,707,1775
Shelby,8.9,2017,2410,1723,3490,1061,11584,"11,094",61,115,76,20,31,37,68,0,16,131,57,147,86,731,707,1775
Shelby,8.9,2018,2410,1723,3490,1061,11564,"11,094",61,115,76,20,31,37,68,0,16,131,57,147,86,731,707,1775
Shelby,8.9,2019,2410,1723,3490,1061,11479,"11,094",61,115,76,20,31,37,68,0,16,131,57,147,86,731,707,1775
Shelby,8.9,2020,2410,1723,3490,1061,11430,"11,094",61,115,76,20,31,37,68,0,16,131,57,147,86,731,707,1775
Sioux,5.5,2016,5449,6064,7362,4458,34955,"32,621",315,143,49,92,82,206,82,16,18,787,287,"1,035",264,1823,1090,6053
Sioux,5.5,2017,5449,6064,7362,4458,34784,"32,621",315,143,49,92,82,206,82,16,18,787,287,"1,035",264,1823,1090,6053
Sioux,5.5,2018,5449,6064,7362,4458,34767,"32,621",315,143,49,92,82,206,82,16,18,787,287,"1,035",264,1823,1090,6053
Sioux,5.5,2019,5449,6064,7362,4458,34950,"32,621",315,143,49,92,82,206,82,16,18,787,287,"1,035",264,1823,1090,6053
Sioux,5.5,2020,5449,6064,7362,4458,35043,"32,621",315,143,49,92,82,206,82,16,18,787,287,"1,035",264,1823,1090,6053
Story,20.0,2016,12746,14905,16273,23060,97012,"82,952",470,"2,119",311,145,41,"7,825",278,0,23,"1,106",298,"3,208",547,5914,2901,10096
Story,20.0,2017,12746,14905,16273,23060,97335,"82,952",470,"2,119",311,145,41,"7,825",278,0,23,"1,106",298,"3,208",547,5914,2901,10096
Story,20.0,2018,12746,14905,16273,23060,96749,"82,952",470,"2,119",311,145,41,"7,825",278,0,23,"1,106",298,"3,208",547,5914,2901,10096
Story,20.0,2019,12746,14905,16273,23060,97441,"82,952",470,"2,119",311,145,41,"7,825",278,0,23,"1,106",298,"3,208",547,5914,2901,10096
Story,20.0,2020,12746,14905,16273,23060,98237,"82,952",470,"2,119",311,145,41,"7,825",278,0,23,"1,106",298,"3,208",547,5914,2901,10096
Tama,12.6,2016,3379,2683,4597,1498,17212,"14,720",157,106,42,"1,354",103,57,46,6,15,130,94,589,85,710,940,2744
Tama,12.6,2017,3379,2683,4597,1498,17040,"14,720",157,106,42,"1,354",103,57,46,6,15,130,94,589,85,710,940,2744
Tama,12.6,2018,3379,2683,4597,1498,16853,"14,720",157,106,42,"1,354",103,57,46,6,15,130,94,589,85,710,940,2744
Tama,12.6,2019,3379,2683,4597,1498,16904,"14,720",157,106,42,"1,354",103,57,46,6,15,130,94,589,85,710,940,2744
Tama,12.6,2020,3379,2683,4597,1498,16801,"14,720",157,106,42,"1,354",103,57,46,6,15,130,94,589,85,710,940,2744
Taylor,7.1,2016,1071,981,1911,543,6219,"5,808",71,1,2,9,12,9,13,0,14,155,77,178,65,269,326,996
Taylor,7.1,2017,1071,981,1911,543,6113,"5,808",71,1,2,9,12,9,13,0,14,155,77,178,65,269,326,996
Taylor,7.1,2018,1071,981,1911,543,6190,"5,808",71,1,2,9,12,9,13,0,14,155,77,178,65,269,326,996
Taylor,7.1,2019,1071,981,1911,543,6188,"5,808",71,1,2,9,12,9,13,0,14,155,77,178,65,269,326,996
Taylor,7.1,2020,1071,981,1911,543,6092,"5,808",71,1,2,9,12,9,13,0,14,155,77,178,65,269,326,996
Union,11.9,2016,2265,2218,3314,1198,12366,"11,779",71,21,32,0,16,204,86,8,16,116,70,175,75,567,787,1785
Union,11.9,2017,2265,2218,3314,1198,12472,"11,779",71,21,32,0,16,204,86,8,16,116,70,175,75,567,787,1785
Union,11.9,2018,2265,2218,3314,1198,12297,"11,779",71,21,32,0,16,204,86,8,16,116,70,175,75,567,787,1785
Union,11.9,2019,2265,2218,3314,1198,12224,"11,779",71,21,32,0,16,204,86,8,16,116,70,175,75,567,787,1785
Union,11.9,2020,2265,2218,3314,1198,12157,"11,779",71,21,32,0,16,204,86,8,16,116,70,175,75,567,787,1785
Van Buren,13.1,2016,1368,1108,2213,596,7243,"6,914",36,21,11,0,14,34,24,0,14,25,30,110,26,249,500,1180
Van Buren,13.1,2017,1368,1108,2213,596,7155,"6,914",36,21,11,0,14,34,24,0,14,25,30,110,26,249,500,1180
Van Buren,13.1,2018,1368,1108,2213,596,7008,"6,914",36,21,11,0,14,34,24,0,14,25,30,110,26,249,500,1180
Van Buren,13.1,2019,1368,1108,2213,596,7044,"6,914",36,21,11,0,14,34,24,0,14,25,30,110,26,249,500,1180
Van Buren,13.1,2020,1368,1108,2213,596,7069,"6,914",36,21,11,0,14,34,24,0,14,25,30,110,26,249,500,1180
Wapello,16.6,2016,6534,6120,9077,3883,35270,"30,517",365,"1,298",145,86,83,507,71,303,19,"1,322",331,"1,069",245,1206,3006,5121
Wapello,16.6,2017,6534,6120,9077,3883,35043,"30,517",365,"1,298",145,86,83,507,71,303,19,"1,322",331,"1,069",245,1206,3006,5121
Wapello,16.6,2018,6534,6120,9077,3883,35060,"30,517",365,"1,298",145,86,83,507,71,303,19,"1,322",331,"1,069",245,1206,3006,5121
Wapello,16.6,2019,6534,6120,9077,3883,35151,"30,517",365,"1,298",145,86,83,507,71,303,19,"1,322",331,"1,069",245,1206,3006,5121
Wapello,16.6,2020,6534,6120,9077,3883,34985,"30,517",365,"1,298",145,86,83,507,71,303,19,"1,322",331,"1,069",245,1206,3006,5121
Warren,6.7,2016,9866,9822,11218,4852,49383,"48,594",164,301,172,24,30,388,88,141,123,325,153,"1,094",231,4192,1595,7576
Warren,6.7,2017,9866,9822,11218,4852,50087,"48,594",164,301,172,24,30,388,88,141,123,325,153,"1,094",231,4192,1595,7576
Warren,6.7,2018,9866,9822,11218,4852,51053,"48,594",164,301,172,24,30,388,88,141,123,325,153,"1,094",231,4192,1595,7576
Warren,6.7,2019,9866,9822,11218,4852,51548,"48,594",164,301,172,24,30,388,88,141,123,325,153,"1,094",231,4192,1595,7576
Warren,6.7,2020,9866,9822,11218,4852,52265,"48,594",164,301,172,24,30,388,88,141,123,325,153,"1,094",231,4192,1595,7576
Washington,8.2,2016,4283,3924,5526,2303,22147,"20,790",266,147,48,45,30,97,31,6,7,579,264,436,68,1041,1066,4176
Washington,8.2,2017,4283,3924,5526,2303,22236,"20,790",266,147,48,45,30,97,31,6,7,579,264,436,68,1041,1066,4176
Washington,8.2,2018,4283,3924,5526,2303,22095,"20,790",266,147,48,45,30,97,31,6,7,579,264,436,68,1041,1066,4176
Washington,8.2,2019,4283,3924,5526,2303,22030,"20,790",266,147,48,45,30,97,31,6,7,579,264,436,68,1041,1066,4176
Washington,8.2,2020,4283,3924,5526,2303,21992,"20,790",266,147,48,45,30,97,31,6,7,579,264,436,68,1041,1066,4176
Wayne,16.0,2016,1217,969,1808,623,6438,"6,165",77,12,12,31,28,5,12,0,14,35,30,178,85,188,431,1064
Wayne,16.0,2017,1217,969,1808,623,6488,"6,165",77,12,12,31,28,5,12,0,14,35,30,178,85,188,431,1064
Wayne,16.0,2018,1217,969,1808,623,6376,"6,165",77,12,12,31,28,5,12,0,14,35,30,178,85,188,431,1064
Wayne,16.0,2019,1217,969,1808,623,6413,"6,165",77,12,12,31,28,5,12,0,14,35,30,178,85,188,431,1064
Wayne,16.0,2020,1217,969,1808,623,6415,"6,165",77,12,12,31,28,5,12,0,14,35,30,178,85,188,431,1064
Webster,14.3,2016,6766,5992,9310,4605,36813,"32,516",278,"1,567",163,114,43,494,19,5,5,573,256,"1,079",139,1334,2501,5051
Webster,14.3,2017,6766,5992,9310,4605,36650,"32,516",278,"1,567",163,114,43,494,19,5,5,573,256,"1,079",139,1334,2501,5051
Webster,14.3,2018,6766,5992,9310,4605,36361,"32,516",278,"1,567",163,114,43,494,19,5,5,573,256,"1,079",139,1334,2501,5051
Webster,14.3,2019,6766,5992,9310,4605,35982,"32,516",278,"1,567",163,114,43,494,19,5,5,573,256,"1,079",139,1334,2501,5051
Webster,14.3,2020,6766,5992,9310,4605,35934,"32,516",278,"1,567",163,114,43,494,19,5,5,573,256,"1,079",139,1334,2501,5051
Winnebago,6.9,2016,1945,1622,3024,1042,10599,"9,920",62,162,57,31,47,132,8,0,16,82,59,147,76,405,511,1711
Winnebago,6.9,2017,1945,1622,3024,1042,10582,"9,920",62,162,57,31,47,132,8,0,16,82,59,147,76,405,511,1711
Winnebago,6.9,2018,1945,1622,3024,1042,10555,"9,920",62,162,57,31,47,132,8,0,16,82,59,147,76,405,511,1711
Winnebago,6.9,2019,1945,1622,3024,1042,10357,"9,920",62,162,57,31,47,132,8,0,16,82,59,147,76,405,511,1711
Winnebago,6.9,2020,1945,1622,3024,1042,10277,"9,920",62,162,57,31,47,132,8,0,16,82,59,147,76,405,511,1711
Winneshiek,8.8,2016,3726,2886,5717,2345,20432,"19,347",85,183,97,67,69,183,78,2,5,154,81,154,80,1132,954,3183
Winneshiek,8.8,2017,3726,2886,5717,2345,20140,"19,347",85,183,97,67,69,183,78,2,5,154,81,154,80,1132,954,3183
Winneshiek,8.8,2018,3726,2886,5717,2345,20026,"19,347",85,183,97,67,69,183,78,2,5,154,81,154,80,1132,954,3183
Winneshiek,8.8,2019,3726,2886,5717,2345,19992,"19,347",85,183,97,67,69,183,78,2,5,154,81,154,80,1132,954,3183
Winneshiek,8.8,2020,3726,2886,5717,2345,19862,"19,347",85,183,97,67,69,183,78,2,5,154,81,154,80,1132,954,3183
Woodbury,12.4,2016,18626,19134,21431,12077,102654,"85,615",812,"3,860",535,"1,872",331,"2,664",212,413,60,"2,669",666,"5,594",903,4785,6406,14619
Woodbury,12.4,2017,18626,19134,21431,12077,102098,"85,615",812,"3,860",535,"1,872",331,"2,664",212,413,60,"2,669",666,"5,594",903,4785,6406,14619
Woodbury,12.4,2018,18626,19134,21431,12077,102415,"85,615",812,"3,860",535,"1,872",331,"2,664",212,413,60,"2,669",666,"5,594",903,4785,6406,14619
Woodbury,12.4,2019,18626,19134,21431,12077,103132,"85,615",812,"3,860",535,"1,872",331,"2,664",212,413,60,"2,669",666,"5,594",903,4785,6406,14619
Woodbury,12.4,2020,18626,19134,21431,12077,103138,"85,615",812,"3,860",535,"1,872",331,"2,664",212,413,60,"2,669",666,"5,594",903,4785,6406,14619
Worth,5.3,2016,1567,1266,2067,748,7470,"7,065",45,60,32,0,14,31,17,2,3,39,29,225,59,403,378,1319
Worth,5.3,2017,1567,1266,2067,748,7456,"7,065",45,60,32,0,14,31,17,2,3,39,29,225,59,403,378,1319
Worth,5.3,2018,1567,1266,2067,748,7416,"7,065",45,60,32,0,14,31,17,2,3,39,29,225,59,403,378,1319
Worth,5.3,2019,1567,1266,2067,748,7407,"7,065",45,60,32,0,14,31,17,2,3,39,29,225,59,403,378,1319
Worth,5.3,2020,1567,1266,2067,748,7359,"7,065",45,60,32,0,14,31,17,2,3,39,29,225,59,403,378,1319
Wright,13.4,2016,2003,2159,3934,1230,12825,"11,829",236,19,23,2,5,12,15,0,16,380,216,402,121,455,959,2009
Wright,13.4,2017,2003,2159,3934,1230,12758,"11,829",236,19,23,2,5,12,15,0,16,380,216,402,121,455,959,2009
Wright,13.4,2018,2003,2159,3934,1230,12669,"11,829",236,19,23,2,5,12,15,0,16,380,216,402,121,455,959,2009
Wright,13.4,2019,2003,2159,3934,1230,12551,"11,829",236,19,23,2,5,12,15,0,16,380,216,402,121,455,959,2009
Wright,13.4,2020,2003,2159,3934,1230,12416,"11,829",236,19,23,2,5,12,15,0,16,380,216,402,121,455,959,2009
Adair,10.6,2012,1630,1152,2193,632,7466,"7,312",15,27,20,2,4,24,19,0,13,13,14,48,23,215,539,1296
Adair,10.6,2013,1630,1152,2193,632,7385,"7,312",15,27,20,2,4,24,19,0,13,13,14,48,23,215,539,1296
Adair,10.6,2014,1630,1152,2193,632,7365,"7,312",15,27,20,2,4,24,19,0,13,13,14,48,23,215,539,1296
Adair,10.6,2015,1630,1152,2193,632,7142,"7,312",15,27,20,2,4,24,19,0,13,13,14,48,23,215,539,1296
Adams,10.2,2012,922,592,1096,380,3910,"3,788",15,27,26,2,3,11,12,0,9,0,9,64,21,120,261,790
Adams,10.2,2013,922,592,1096,380,3890,"3,788",15,27,26,2,3,11,12,0,9,0,9,64,21,120,261,790
Adams,10.2,2014,922,592,1096,380,3874,"3,788",15,27,26,2,3,11,12,0,9,0,9,64,21,120,261,790
Adams,10.2,2015,922,592,1096,380,3752,"3,788",15,27,26,2,3,11,12,0,9,0,9,64,21,120,261,790
Allamakee,10.9,2012,3081,2236,3965,1251,14150,"13,592",72,99,56,29,26,39,23,3,7,46,42,252,71,382,1255,2319
Allamakee,10.9,2013,3081,2236,3965,1251,14074,"13,592",72,99,56,29,26,39,23,3,7,46,42,252,71,382,1255,2319
Allamakee,10.9,2014,3081,2236,3965,1251,14067,"13,592",72,99,56,29,26,39,23,3,7,46,42,252,71,382,1255,2319
Allamakee,10.9,2015,3081,2236,3965,1251,13881,"13,592",72,99,56,29,26,39,23,3,7,46,42,252,71,382,1255,2319
Appanoose,13.7,2012,2678,2052,3592,1233,12713,"12,347",35,43,35,4,7,47,24,0,15,13,17,215,57,256,1049,2038
Appanoose,13.7,2013,2678,2052,3592,1233,12659,"12,347",35,43,35,4,7,47,24,0,15,13,17,215,57,256,1049,2038
Appanoose,13.7,2014,2678,2052,3592,1233,12678,"12,347",35,43,35,4,7,47,24,0,15,13,17,215,57,256,1049,2038
Appanoose,13.7,2015,2678,2052,3592,1233,12587,"12,347",35,43,35,4,7,47,24,0,15,13,17,215,57,256,1049,2038
Audubon,9.7,2012,1363,834,1797,470,5861,"5,732",12,19,18,39,40,19,17,0,13,0,13,60,35,216,557,941
Audubon,9.7,2013,1363,834,1797,470,5859,"5,732",12,19,18,39,40,19,17,0,13,0,13,60,35,216,557,941
Audubon,9.7,2014,1363,834,1797,470,5768,"5,732",12,19,18,39,40,19,17,0,13,0,13,60,35,216,557,941
Audubon,9.7,2015,1363,834,1797,470,5707,"5,732",12,19,18,39,40,19,17,0,13,0,13,60,35,216,557,941
Benton,9.6,2012,6064,4570,5701,2207,25829,"25,226",93,181,57,8,12,55,34,0,17,65,68,268,89,1247,1440,4512
Benton,9.6,2013,6064,4570,5701,2207,25698,"25,226",93,181,57,8,12,55,34,0,17,65,68,268,89,1247,1440,4512
Benton,9.6,2014,6064,4570,5701,2207,25620,"25,226",93,181,57,8,12,55,34,0,17,65,68,268,89,1247,1440,4512
Benton,9.6,2015,6064,4570,5701,2207,25608,"25,226",93,181,57,8,12,55,34,0,17,65,68,268,89,1247,1440,4512
Black Hawk,15.7,2012,24012,22774,27259,20809,131904,"112,912",435,"12,130",471,327,121,"2,246",218,23,28,"1,997",428,"2,861",426,3961,8829,18194
Black Hawk,15.7,2013,24012,22774,27259,20809,132966,"112,912",435,"12,130",471,327,121,"2,246",218,23,28,"1,997",428,"2,861",426,3961,8829,18194
Black Hawk,15.7,2014,24012,22774,27259,20809,133433,"112,912",435,"12,130",471,327,121,"2,246",218,23,28,"1,997",428,"2,861",426,3961,8829,18194
Black Hawk,15.7,2015,24012,22774,27259,20809,133764,"112,912",435,"12,130",471,327,121,"2,246",218,23,28,"1,997",428,"2,861",426,3961,8829,18194
Boone,10.1,2012,5711,4770,6317,2641,26138,"25,658",29,235,132,54,44,85,75,10,16,30,28,329,124,1004,1461,4453
Boone,10.1,2013,5711,4770,6317,2641,26294,"25,658",29,235,132,54,44,85,75,10,16,30,28,329,124,1004,1461,4453
Boone,10.1,2014,5711,4770,6317,2641,26303,"25,658",29,235,132,54,44,85,75,10,16,30,28,329,124,1004,1461,4453
Boone,10.1,2015,5711,4770,6317,2641,26468,"25,658",29,235,132,54,44,85,75,10,16,30,28,329,124,1004,1461,4453
Bremer,8.3,2012,4648,4191,6029,2728,24499,"23,737",65,269,50,49,17,187,53,45,58,60,38,192,81,1121,1078,4252
Bremer,8.3,2013,4648,4191,6029,2728,24585,"23,737",65,269,50,49,17,187,53,45,58,60,38,192,81,1121,1078,4252
Bremer,8.3,2014,4648,4191,6029,2728,24678,"23,737",65,269,50,49,17,187,53,45,58,60,38,192,81,1121,1078,4252
Bremer,8.3,2015,4648,4191,6029,2728,24755,"23,737",65,269,50,49,17,187,53,45,58,60,38,192,81,1121,1078,4252
Buchanan,9.5,2012,4483,3729,4565,2050,20995,"20,514",52,79,50,73,18,95,26,0,17,78,52,159,56,874,1168,3555
Buchanan,9.5,2013,4483,3729,4565,2050,21028,"20,514",52,79,50,73,18,95,26,0,17,78,52,159,56,874,1168,3555
Buchanan,9.5,2014,4483,3729,4565,2050,21135,"20,514",52,79,50,73,18,95,26,0,17,78,52,159,56,874,1168,3555
Buchanan,9.5,2015,4483,3729,4565,2050,21110,"20,514",52,79,50,73,18,95,26,0,17,78,52,159,56,874,1168,3555
Buena Vista,12.6,2012,4064,3225,4285,2652,20558,"16,611",444,590,57,6,7,"1,589",59,181,17,"1,119",431,411,243,525,1425,3183
Buena Vista,12.6,2013,4064,3225,4285,2652,20649,"16,611",444,590,57,6,7,"1,589",59,181,17,"1,119",431,411,243,525,1425,3183
Buena Vista,12.6,2014,4064,3225,4285,2652,20608,"16,611",444,590,57,6,7,"1,589",59,181,17,"1,119",431,411,243,525,1425,3183
Buena Vista,12.6,2015,4064,3225,4285,2652,20373,"16,611",444,590,57,6,7,"1,589",59,181,17,"1,119",431,411,243,525,1425,3183
Butler,9.0,2012,3091,2522,4134,1255,14972,"14,702",17,59,39,20,23,70,39,0,15,0,15,115,44,401,1027,2876
Butler,9.0,2013,3091,2522,4134,1255,14973,"14,702",17,59,39,20,23,70,39,0,15,0,15,115,44,401,1027,2876
Butler,9.0,2014,3091,2522,4134,1255,14958,"14,702",17,59,39,20,23,70,39,0,15,0,15,115,44,401,1027,2876
Butler,9.0,2015,3091,2522,4134,1255,14880,"14,702",17,59,39,20,23,70,39,0,15,0,15,115,44,401,1027,2876
Calhoun,14.8,2012,2152,1552,2893,986,9912,"9,533",34,134,45,44,39,29,9,0,13,21,17,153,57,335,834,1581
Calhoun,14.8,2013,2152,1552,2893,986,9899,"9,533",34,134,45,44,39,29,9,0,13,21,17,153,57,335,834,1581
Calhoun,14.8,2014,2152,1552,2893,986,9845,"9,533",34,134,45,44,39,29,9,0,13,21,17,153,57,335,834,1581
Calhoun,14.8,2015,2152,1552,2893,986,9801,"9,533",34,134,45,44,39,29,9,0,13,21,17,153,57,335,834,1581
Carroll,10.1,2012,4544,3364,5170,1845,20653,"20,025",90,314,106,14,18,16,21,7,12,69,77,184,121,739,1416,3353
Carroll,10.1,2013,4544,3364,5170,1845,20539,"20,025",90,314,106,14,18,16,21,7,12,69,77,184,121,739,1416,3353
Carroll,10.1,2014,4544,3364,5170,1845,20495,"20,025",90,314,106,14,18,16,21,7,12,69,77,184,121,739,1416,3353
Carroll,10.1,2015,4544,3364,5170,1845,20421,"20,025",90,314,106,14,18,16,21,7,12,69,77,184,121,739,1416,3353
Cass,13.9,2012,2847,2217,3917,1150,13697,"13,253",73,57,48,45,30,52,5,14,16,49,48,120,48,359,1311,2142
Cass,13.9,2013,2847,2217,3917,1150,13569,"13,253",73,57,48,45,30,52,5,14,16,49,48,120,48,359,1311,2142
Cass,13.9,2014,2847,2217,3917,1150,13394,"13,253",73,57,48,45,30,52,5,14,16,49,48,120,48,359,1311,2142
Cass,13.9,2015,2847,2217,3917,1150,13354,"13,253",73,57,48,45,30,52,5,14,16,49,48,120,48,359,1311,2142
Cedar,7.7,2012,4165,3301,4539,1496,18299,"17,871",45,72,58,14,15,113,48,0,15,53,39,252,82,623,939,3601
Cedar,7.7,2013,4165,3301,4539,1496,18229,"17,871",45,72,58,14,15,113,48,0,15,53,39,252,82,623,939,3601
Cedar,7.7,2014,4165,3301,4539,1496,18278,"17,871",45,72,58,14,15,113,48,0,15,53,39,252,82,623,939,3601
Cedar,7.7,2015,4165,3301,4539,1496,18257,"17,871",45,72,58,14,15,113,48,0,15,53,39,252,82,623,939,3601
Cerro Gordo,13.4,2012,9788,7265,11480,4404,43704,"41,325",208,544,135,98,65,492,67,0,20,249,144,773,193,1467,3242,7121
Cerro Gordo,13.4,2013,9788,7265,11480,4404,43537,"41,325",208,544,135,98,65,492,67,0,20,249,144,773,193,1467,3242,7121
Cerro Gordo,13.4,2014,9788,7265,11480,4404,43224,"41,325",208,544,135,98,65,492,67,0,20,249,144,773,193,1467,3242,7121
Cerro Gordo,13.4,2015,9788,7265,11480,4404,43006,"41,325",208,544,135,98,65,492,67,0,20,249,144,773,193,1467,3242,7121
Cherokee,11.2,2012,2631,1801,3498,1155,11954,"11,534",31,54,45,42,41,13,16,0,15,23,26,187,45,376,847,2038
Cherokee,11.2,2013,2631,1801,3498,1155,11876,"11,534",31,54,45,42,41,13,16,0,15,23,26,187,45,376,847,2038
Cherokee,11.2,2014,2631,1801,3498,1155,11803,"11,534",31,54,45,42,41,13,16,0,15,23,26,187,45,376,847,2038
Cherokee,11.2,2015,2631,1801,3498,1155,11488,"11,534",31,54,45,42,41,13,16,0,15,23,26,187,45,376,847,2038
Chickasaw,8.8,2012,2736,1919,3239,991,12289,"12,009",41,67,48,9,16,69,46,0,15,23,20,67,39,347,1086,2109
Chickasaw,8.8,2013,2736,1919,3239,991,12273,"12,009",41,67,48,9,16,69,46,0,15,23,20,67,39,347,1086,2109
Chickasaw,8.8,2014,2736,1919,3239,991,12250,"12,009",41,67,48,9,16,69,46,0,15,23,20,67,39,347,1086,2109
Chickasaw,8.8,2015,2736,1919,3239,991,12152,"12,009",41,67,48,9,16,69,46,0,15,23,20,67,39,347,1086,2109
Clarke,16.4,2012,1957,1462,2186,1146,9339,"8,910",203,13,18,0,13,42,39,0,13,247,204,68,76,219,650,1497
Clarke,16.4,2013,1957,1462,2186,1146,9244,"8,910",203,13,18,0,13,42,39,0,13,247,204,68,76,219,650,1497
Clarke,16.4,2014,1957,1462,2186,1146,9192,"8,910",203,13,18,0,13,42,39,0,13,247,204,68,76,219,650,1497
Clarke,16.4,2015,1957,1462,2186,1146,9213,"8,910",203,13,18,0,13,42,39,0,13,247,204,68,76,219,650,1497
Clay,11.5,2012,3478,2839,4357,1723,16540,"15,857",128,118,105,18,22,29,29,63,62,200,171,252,121,494,1163,2887
Clay,11.5,2013,3478,2839,4357,1723,16440,"15,857",128,118,105,18,22,29,29,63,62,200,171,252,121,494,1163,2887
Clay,11.5,2014,3478,2839,4357,1723,16483,"15,857",128,118,105,18,22,29,29,63,62,200,171,252,121,494,1163,2887
Clay,11.5,2015,3478,2839,4357,1723,16498,"15,857",128,118,105,18,22,29,29,63,62,200,171,252,121,494,1163,2887
Clayton,11.1,2012,4001,2744,5002,1568,17947,"17,384",66,166,19,9,12,56,23,0,15,12,14,179,67,419,1424,3173
Clayton,11.1,2013,4001,2744,5002,1568,17793,"17,384",66,166,19,9,12,56,23,0,15,12,14,179,67,419,1424,3173
Clayton,11.1,2014,4001,2744,5002,1568,17771,"17,384",66,166,19,9,12,56,23,0,15,12,14,179,67,419,1424,3173
Clayton,11.1,2015,4001,2744,5002,1568,17726,"17,384",66,166,19,9,12,56,23,0,15,12,14,179,67,419,1424,3173
Clinton,13.9,2012,10740,8184,11724,5008,48711,"45,280",170,"1,352",170,197,44,322,50,0,20,285,162,929,228,1827,3698,7368
Clinton,13.9,2013,10740,8184,11724,5008,48297,"45,280",170,"1,352",170,197,44,322,50,0,20,285,162,929,228,1827,3698,7368
Clinton,13.9,2014,10740,8184,11724,5008,47921,"45,280",170,"1,352",170,197,44,322,50,0,20,285,162,929,228,1827,3698,7368
Clinton,13.9,2015,10740,8184,11724,5008,47593,"45,280",170,"1,352",170,197,44,322,50,0,20,285,162,929,228,1827,3698,7368
Crawford,19.8,2012,3625,2828,3881,1699,17292,"15,790",396,209,191,148,102,54,48,31,45,616,323,404,196,407,1490,2552
Crawford,19.8,2013,3625,2828,3881,1699,17351,"15,790",396,209,191,148,102,54,48,31,45,616,323,404,196,407,1490,2552
Crawford,19.8,2014,3625,2828,3881,1699,17156,"15,790",396,209,191,148,102,54,48,31,45,616,323,404,196,407,1490,2552
Crawford,19.8,2015,3625,2828,3881,1699,17069,"15,790",396,209,191,148,102,54,48,31,45,616,323,404,196,407,1490,2552
Dallas,6.5,2012,13680,17759,11956,8248,72248,"68,894",356,843,166,50,32,"2,551",166,68,71,926,355,"1,560",235,6232,2894,10751
Dallas,6.5,2013,13680,17759,11956,8248,74968,"68,894",356,843,166,50,32,"2,551",166,68,71,926,355,"1,560",235,6232,2894,10751
Dallas,6.5,2014,13680,17759,11956,8248,77758,"68,894",356,843,166,50,32,"2,551",166,68,71,926,355,"1,560",235,6232,2894,10751
Dallas,6.5,2015,13680,17759,11956,8248,80658,"68,894",356,843,166,50,32,"2,551",166,68,71,926,355,"1,560",235,6232,2894,10751
Davis,19.3,2012,1687,1385,2055,828,8705,"8,612",13,18,18,0,13,27,10,0,13,0,13,85,22,238,681,1338
Davis,19.3,2013,1687,1385,2055,828,8767,"8,612",13,18,18,0,13,27,10,0,13,0,13,85,22,238,681,1338
Davis,19.3,2014,1687,1385,2055,828,8755,"8,612",13,18,18,0,13,27,10,0,13,0,13,85,22,238,681,1338
Davis,19.3,2015,1687,1385,2055,828,8774,"8,612",13,18,18,0,13,27,10,0,13,0,13,85,22,238,681,1338
Decatur,20.6,2012,1420,1189,2078,974,8241,"7,875",24,139,30,42,13,58,26,13,16,11,15,111,43,102,788,1151
Decatur,20.6,2013,1420,1189,2078,974,8223,"7,875",24,139,30,42,13,58,26,13,16,11,15,111,43,102,788,1151
Decatur,20.6,2014,1420,1189,2078,974,8216,"7,875",24,139,30,42,13,58,26,13,16,11,15,111,43,102,788,1151
Decatur,20.6,2015,1420,1189,2078,974,8145,"7,875",24,139,30,42,13,58,26,13,16,11,15,111,43,102,788,1151
Delaware,10.0,2012,3976,2888,4338,1408,17568,"17,202",51,39,43,3,4,59,12,0,15,7,8,197,66,698,1174,3130
Delaware,10.0,2013,3976,2888,4338,1408,17475,"17,202",51,39,43,3,4,59,12,0,15,7,8,197,66,698,1174,3130
Delaware,10.0,2014,3976,2888,4338,1408,17397,"17,202",51,39,43,3,4,59,12,0,15,7,8,197,66,698,1174,3130
Delaware,10.0,2015,3976,2888,4338,1408,17395,"17,202",51,39,43,3,4,59,12,0,15,7,8,197,66,698,1174,3130
Des Moines,15.2,2012,8557,7120,10192,3856,40247,"36,545",92,"2,194",192,45,54,252,69,0,20,128,75,"1,044",218,1130,3460,6162
Des Moines,15.2,2013,8557,7120,10192,3856,40421,"36,545",92,"2,194",192,45,54,252,69,0,20,128,75,"1,044",218,1130,3460,6162
Des Moines,15.2,2014,8557,7120,10192,3856,40127,"36,545",92,"2,194",192,45,54,252,69,0,20,128,75,"1,044",218,1130,3460,6162
Des Moines,15.2,2015,8557,7120,10192,3856,39909,"36,545",92,"2,194",192,45,54,252,69,0,20,128,75,"1,044",218,1130,3460,6162
Dickinson,6.6,2012,3563,2727,5545,1544,16929,"16,583",63,52,23,23,25,39,38,33,45,30,38,207,82,1000,941,3221
Dickinson,6.6,2013,3563,2727,5545,1544,16883,"16,583",63,52,23,23,25,39,38,33,45,30,38,207,82,1000,941,3221
Dickinson,6.6,2014,3563,2727,5545,1544,16845,"16,583",63,52,23,23,25,39,38,33,45,30,38,207,82,1000,941,3221
Dickinson,6.6,2015,3563,2727,5545,1544,17009,"16,583",63,52,23,23,25,39,38,33,45,30,38,207,82,1000,941,3221
Dubuque,12.2,2012,19869,16431,21284,11109,95183,"89,788",218,"1,862",272,91,62,"1,273",108,300,21,210,147,"2,382",341,3311,5725,15778
Dubuque,12.2,2013,19869,16431,21284,11109,95990,"89,788",218,"1,862",272,91,62,"1,273",108,300,21,210,147,"2,382",341,3311,5725,15778
Dubuque,12.2,2014,19869,16431,21284,11109,96544,"89,788",218,"1,862",272,91,62,"1,273",108,300,21,210,147,"2,382",341,3311,5725,15778
Dubuque,12.2,2015,19869,16431,21284,11109,96934,"89,788",218,"1,862",272,91,62,"1,273",108,300,21,210,147,"2,382",341,3311,5725,15778
Emmet,13.6,2012,2010,1608,2537,886,9949,"9,575",67,149,61,38,41,17,13,10,16,38,32,90,48,309,788,1497
Emmet,13.6,2013,2010,1608,2537,886,9886,"9,575",67,149,61,38,41,17,13,10,16,38,32,90,48,309,788,1497
Emmet,13.6,2014,2010,1608,2537,886,9830,"9,575",67,149,61,38,41,17,13,10,16,38,32,90,48,309,788,1497
Emmet,13.6,2015,2010,1608,2537,886,9708,"9,575",67,149,61,38,41,17,13,10,16,38,32,90,48,309,788,1497
Fayette,12.9,2012,4615,3054,5277,2188,20773,"19,790",85,223,103,105,79,157,28,0,17,39,34,275,111,456,1664,3334
Fayette,12.9,2013,4615,3054,5277,2188,20516,"19,790",85,223,103,105,79,157,28,0,17,39,34,275,111,456,1664,3334
Fayette,12.9,2014,4615,3054,5277,2188,20288,"19,790",85,223,103,105,79,157,28,0,17,39,34,275,111,456,1664,3334
Fayette,12.9,2015,4615,3054,5277,2188,20143,"19,790",85,223,103,105,79,157,28,0,17,39,34,275,111,456,1664,3334
Floyd,12.4,2012,3468,2644,4263,1430,16090,"15,202",83,325,124,1,2,121,88,7,11,58,51,336,140,468,1481,2561
Floyd,12.4,2013,3468,2644,4263,1430,16029,"15,202",83,325,124,1,2,121,88,7,11,58,51,336,140,468,1481,2561
Floyd,12.4,2014,3468,2644,4263,1430,16008,"15,202",83,325,124,1,2,121,88,7,11,58,51,336,140,468,1481,2561
Floyd,12.4,2015,3468,2644,4263,1430,15920,"15,202",83,325,124,1,2,121,88,7,11,58,51,336,140,468,1481,2561
Franklin,13.3,2012,2174,1766,2824,966,10509,"9,660",178,112,59,7,10,24,24,0,15,555,176,131,99,311,890,1743
Franklin,13.3,2013,2174,1766,2824,966,10507,"9,660",178,112,59,7,10,24,24,0,15,555,176,131,99,311,890,1743
Franklin,13.3,2014,2174,1766,2824,966,10433,"9,660",178,112,59,7,10,24,24,0,15,555,176,131,99,311,890,1743
Franklin,13.3,2015,2174,1766,2824,966,10318,"9,660",178,112,59,7,10,24,24,0,15,555,176,131,99,311,890,1743
Fremont,11.0,2012,1643,1124,1994,537,7140,"6,880",48,21,18,45,26,0,13,0,13,60,49,100,27,329,500,1199
Fremont,11.0,2013,1643,1124,1994,537,7068,"6,880",48,21,18,45,26,0,13,0,13,60,49,100,27,329,500,1199
Fremont,11.0,2014,1643,1124,1994,537,7029,"6,880",48,21,18,45,26,0,13,0,13,60,49,100,27,329,500,1199
Fremont,11.0,2015,1643,1124,1994,537,6910,"6,880",48,21,18,45,26,0,13,0,13,60,49,100,27,329,500,1199
Greene,12.6,2012,2002,1409,2596,814,9181,"8,982",4,5,5,4,5,40,17,3,6,0,13,140,19,313,760,1590
Greene,12.6,2013,2002,1409,2596,814,9158,"8,982",4,5,5,4,5,40,17,3,6,0,13,140,19,313,760,1590
Greene,12.6,2014,2002,1409,2596,814,9127,"8,982",4,5,5,4,5,40,17,3,6,0,13,140,19,313,760,1590
Greene,12.6,2015,2002,1409,2596,814,8947,"8,982",4,5,5,4,5,40,17,3,6,0,13,140,19,313,760,1590
Grundy,6.2,2012,2665,2132,3199,1077,12437,"12,196",29,51,31,16,17,47,7,0,15,13,14,84,34,496,695,2373
Grundy,6.2,2013,2665,2132,3199,1077,12340,"12,196",29,51,31,16,17,47,7,0,15,13,14,84,34,496,695,2373
Grundy,6.2,2014,2665,2132,3199,1077,12388,"12,196",29,51,31,16,17,47,7,0,15,13,14,84,34,496,695,2373
Grundy,6.2,2015,2665,2132,3199,1077,12402,"12,196",29,51,31,16,17,47,7,0,15,13,14,84,34,496,695,2373
Guthrie,11.4,2012,2361,1718,3098,850,10768,"10,495",30,81,44,12,8,16,22,25,35,49,29,62,18,409,788,1851
Guthrie,11.4,2013,2361,1718,3098,850,10675,"10,495",30,81,44,12,8,16,22,25,35,49,29,62,18,409,788,1851
Guthrie,11.4,2014,2361,1718,3098,850,10690,"10,495",30,81,44,12,8,16,22,25,35,49,29,62,18,409,788,1851
Guthrie,11.4,2015,2361,1718,3098,850,10653,"10,495",30,81,44,12,8,16,22,25,35,49,29,62,18,409,788,1851
Hamilton,11.4,2012,3292,2726,3980,1341,15321,"14,326",170,102,48,0,15,342,53,0,15,357,170,170,78,381,1194,2655
Hamilton,11.4,2013,3292,2726,3980,1341,15347,"14,326",170,102,48,0,15,342,53,0,15,357,170,170,78,381,1194,2655
Hamilton,11.4,2014,3292,2726,3980,1341,15222,"14,326",170,102,48,0,15,342,53,0,15,357,170,170,78,381,1194,2655
Hamilton,11.4,2015,3292,2726,3980,1341,15220,"14,326",170,102,48,0,15,342,53,0,15,357,170,170,78,381,1194,2655
Hancock,8.5,2012,2504,1803,2999,880,11180,"10,769",36,72,40,14,21,34,15,8,11,45,33,150,50,348,686,2050
Hancock,8.5,2013,2504,1803,2999,880,11134,"10,769",36,72,40,14,21,34,15,8,11,45,33,150,50,348,686,2050
Hancock,8.5,2014,2504,1803,2999,880,11043,"10,769",36,72,40,14,21,34,15,8,11,45,33,150,50,348,686,2050
Hancock,8.5,2015,2504,1803,2999,880,11029,"10,769",36,72,40,14,21,34,15,8,11,45,33,150,50,348,686,2050
Hardin,8.8,2012,3720,2800,4888,1511,17360,"16,659",117,178,69,48,45,167,91,0,15,171,106,170,92,486,998,2909
Hardin,8.8,2013,3720,2800,4888,1511,17390,"16,659",117,178,69,48,45,167,91,0,15,171,106,170,92,486,998,2909
Hardin,8.8,2014,3720,2800,4888,1511,17338,"16,659",117,178,69,48,45,167,91,0,15,171,106,170,92,486,998,2909
Hardin,8.8,2015,3720,2800,4888,1511,17257,"16,659",117,178,69,48,45,167,91,0,15,171,106,170,92,486,998,2909
Harrison,9.9,2012,3295,2410,3696,1240,14474,"14,125",38,8,9,58,25,39,8,4,6,34,25,199,41,548,924,2462
Harrison,9.9,2013,3295,2410,3696,1240,14359,"14,125",38,8,9,58,25,39,8,4,6,34,25,199,41,548,924,2462
Harrison,9.9,2014,3295,2410,3696,1240,14268,"14,125",38,8,9,58,25,39,8,4,6,34,25,199,41,548,924,2462
Harrison,9.9,2015,3295,2410,3696,1240,14145,"14,125",38,8,9,58,25,39,8,4,6,34,25,199,41,548,924,2462
Henry,14.5,2012,4261,3569,4728,2318,20003,"18,471",185,478,87,56,26,437,109,0,15,239,179,399,138,516,1662,2948
Henry,14.5,2013,4261,3569,4728,2318,20029,"18,471",185,478,87,56,26,437,109,0,15,239,179,399,138,516,1662,2948
Henry,14.5,2014,4261,3569,4728,2318,19846,"18,471",185,478,87,56,26,437,109,0,15,239,179,399,138,516,1662,2948
Henry,14.5,2015,4261,3569,4728,2318,19862,"18,471",185,478,87,56,26,437,109,0,15,239,179,399,138,516,1662,2948
Howard,11.7,2012,2033,1519,2394,915,9550,"9,328",2,31,38,1,3,21,26,0,13,10,13,103,52,278,658,1494
Howard,11.7,2013,2033,1519,2394,915,9443,"9,328",2,31,38,1,3,21,26,0,13,10,13,103,52,278,658,1494
Howard,11.7,2014,2033,1519,2394,915,9357,"9,328",2,31,38,1,3,21,26,0,13,10,13,103,52,278,658,1494
Howard,11.7,2015,2033,1519,2394,915,9322,"9,328",2,31,38,1,3,21,26,0,13,10,13,103,52,278,658,1494
Humboldt,12.2,2012,2133,1526,2546,951,9724,"9,477",28,13,13,7,9,23,18,0,13,20,29,134,27,357,912,1529
Humboldt,12.2,2013,2133,1526,2546,951,9682,"9,477",28,13,13,7,9,23,18,0,13,20,29,134,27,357,912,1529
Humboldt,12.2,2014,2133,1526,2546,951,9641,"9,477",28,13,13,7,9,23,18,0,13,20,29,134,27,357,912,1529
Humboldt,12.2,2015,2133,1526,2546,951,9562,"9,477",28,13,13,7,9,23,18,0,13,20,29,134,27,357,912,1529
Ida,11.7,2012,1573,1101,1968,608,7045,"6,913",26,39,40,34,32,24,11,0,13,20,21,41,29,278,613,1181
Ida,11.7,2013,1573,1101,1968,608,7075,"6,913",26,39,40,34,32,24,11,0,13,20,21,41,29,278,613,1181
Ida,11.7,2014,1573,1101,1968,608,6971,"6,913",26,39,40,34,32,24,11,0,13,20,21,41,29,278,613,1181
Ida,11.7,2015,1573,1101,1968,608,6967,"6,913",26,39,40,34,32,24,11,0,13,20,21,41,29,278,613,1181
Iowa,8.7,2012,3723,2897,3978,1324,16183,"16,010",60,137,51,7,9,31,35,11,17,23,33,125,56,685,965,3195
Iowa,8.7,2013,3723,2897,3978,1324,16286,"16,010",60,137,51,7,9,31,35,11,17,23,33,125,56,685,965,3195
Iowa,8.7,2014,3723,2897,3978,1324,16325,"16,010",60,137,51,7,9,31,35,11,17,23,33,125,56,685,965,3195
Iowa,8.7,2015,3723,2897,3978,1324,16293,"16,010",60,137,51,7,9,31,35,11,17,23,33,125,56,685,965,3195
Jackson,12.1,2012,4397,3152,5278,1797,19684,"19,044",16,35,33,13,14,79,28,117,6,10,12,274,47,622,1498,3578
Jackson,12.1,2013,4397,3152,5278,1797,19516,"19,044",16,35,33,13,14,79,28,117,6,10,12,274,47,622,1498,3578
Jackson,12.1,2014,4397,3152,5278,1797,19430,"19,044",16,35,33,13,14,79,28,117,6,10,12,274,47,622,1498,3578
Jackson,12.1,2015,4397,3152,5278,1797,19363,"19,044",16,35,33,13,14,79,28,117,6,10,12,274,47,622,1498,3578
Jasper,9.6,2012,8092,6716,8974,3617,36583,"35,318",102,542,89,106,63,211,77,14,17,51,47,484,163,1064,2320,6376
Jasper,9.6,2013,8092,6716,8974,3617,36739,"35,318",102,542,89,106,63,211,77,14,17,51,47,484,163,1064,2320,6376
Jasper,9.6,2014,8092,6716,8974,3617,36891,"35,318",102,542,89,106,63,211,77,14,17,51,47,484,163,1064,2320,6376
Jasper,9.6,2015,8092,6716,8974,3617,36762,"35,318",102,542,89,106,63,211,77,14,17,51,47,484,163,1064,2320,6376
Jefferson,15.0,2012,3289,2774,4878,2583,17281,"14,744",189,246,110,14,23,"1,372",296,0,15,367,252,575,302,420,1299,2426
Jefferson,15.0,2013,3289,2774,4878,2583,17632,"14,744",189,246,110,14,23,"1,372",296,0,15,367,252,575,302,420,1299,2426
Jefferson,15.0,2014,3289,2774,4878,2583,17795,"14,744",189,246,110,14,23,"1,372",296,0,15,367,252,575,302,420,1299,2426
Jefferson,15.0,2015,3289,2774,4878,2583,17913,"14,744",189,246,110,14,23,"1,372",296,0,15,367,252,575,302,420,1299,2426
Johnson,17.9,2012,22574,26692,20005,29232,137180,"117,331",613,"7,596",319,309,144,"8,327",275,202,176,"2,717",681,"2,954",473,7636,5638,17297
Johnson,17.9,2013,22574,26692,20005,29232,140266,"117,331",613,"7,596",319,309,144,"8,327",275,202,176,"2,717",681,"2,954",473,7636,5638,17297
Johnson,17.9,2014,22574,26692,20005,29232,142874,"117,331",613,"7,596",319,309,144,"8,327",275,202,176,"2,717",681,"2,954",473,7636,5638,17297
Johnson,17.9,2015,22574,26692,20005,29232,145114,"117,331",613,"7,596",319,309,144,"8,327",275,202,176,"2,717",681,"2,954",473,7636,5638,17297
Jones,10.2,2012,4558,3808,5161,1964,20602,"19,658",72,394,85,176,97,84,27,0,17,75,62,173,111,667,1280,3737
Jones,10.2,2013,4558,3808,5161,1964,20522,"19,658",72,394,85,176,97,84,27,0,17,75,62,173,111,667,1280,3737
Jones,10.2,2014,4558,3808,5161,1964,20553,"19,658",72,394,85,176,97,84,27,0,17,75,62,173,111,667,1280,3737
Jones,10.2,2015,4558,3808,5161,1964,20435,"19,658",72,394,85,176,97,84,27,0,17,75,62,173,111,667,1280,3737
Keokuk,13.5,2012,2327,1657,2738,893,10427,"10,066",33,0,15,27,28,22,19,1,3,49,32,126,41,216,881,1688
Keokuk,13.5,2013,2327,1657,2738,893,10336,"10,066",33,0,15,27,28,22,19,1,3,49,32,126,41,216,881,1688
Keokuk,13.5,2014,2327,1657,2738,893,10282,"10,066",33,0,15,27,28,22,19,1,3,49,32,126,41,216,881,1688
Keokuk,13.5,2015,2327,1657,2738,893,10169,"10,066",33,0,15,27,28,22,19,1,3,49,32,126,41,216,881,1688
Kossuth,9.0,2012,3484,2258,4407,1208,15407,"14,925",42,57,33,13,11,60,16,0,15,54,36,171,43,498,1155,2686
Kossuth,9.0,2013,3484,2258,4407,1208,15325,"14,925",42,57,33,13,11,60,16,0,15,54,36,171,43,498,1155,2686
Kossuth,9.0,2014,3484,2258,4407,1208,15221,"14,925",42,57,33,13,11,60,16,0,15,54,36,171,43,498,1155,2686
Kossuth,9.0,2015,3484,2258,4407,1208,15150,"14,925",42,57,33,13,11,60,16,0,15,54,36,171,43,498,1155,2686
Lee,16.8,2012,7955,5893,8916,3671,35549,"33,033",139,"1,068",122,35,40,180,59,0,20,204,123,849,164,584,3114,5568
Lee,16.8,2013,7955,5893,8916,3671,35250,"33,033",139,"1,068",122,35,40,180,59,0,20,204,123,849,164,584,3114,5568
Lee,16.8,2014,7955,5893,8916,3671,35077,"33,033",139,"1,068",122,35,40,180,59,0,20,204,123,849,164,584,3114,5568
Lee,16.8,2015,7955,5893,8916,3671,34916,"33,033",139,"1,068",122,35,40,180,59,0,20,204,123,849,164,584,3114,5568
Linn,9.8,2012,43482,43086,42795,25825,215542,"194,427",477,"9,147",560,527,164,"4,303",351,33,30,"2,034",499,"6,169",837,11547,11119,31987
Linn,9.8,2013,43482,43086,42795,25825,216567,"194,427",477,"9,147",560,527,164,"4,303",351,33,30,"2,034",499,"6,169",837,11547,11119,31987
Linn,9.8,2014,43482,43086,42795,25825,218223,"194,427",477,"9,147",560,527,164,"4,303",351,33,30,"2,034",499,"6,169",837,11547,11119,31987
Linn,9.8,2015,43482,43086,42795,25825,220392,"194,427",477,"9,147",560,527,164,"4,303",351,33,30,"2,034",499,"6,169",837,11547,11119,31987
Louisa,12.2,2012,2514,2084,2539,976,11364,"10,398",130,103,36,26,27,286,33,11,14,380,133,67,40,306,922,1817
Louisa,12.2,2013,2514,2084,2539,976,11353,"10,398",130,103,36,26,27,286,33,11,14,380,133,67,40,306,922,1817
Louisa,12.2,2014,2514,2084,2539,976,11254,"10,398",130,103,36,26,27,286,33,11,14,380,133,67,40,306,922,1817
Louisa,12.2,2015,2514,2084,2539,976,11289,"10,398",130,103,36,26,27,286,33,11,14,380,133,67,40,306,922,1817
Lucas,13.1,2012,1873,1333,2538,679,8777,"8,535",27,20,21,22,26,30,42,0,13,0,13,124,51,239,687,1430
Lucas,13.1,2013,1873,1333,2538,679,8695,"8,535",27,20,21,22,26,30,42,0,13,0,13,124,51,239,687,1430
Lucas,13.1,2014,1873,1333,2538,679,8633,"8,535",27,20,21,22,26,30,42,0,13,0,13,124,51,239,687,1430
Lucas,13.1,2015,1873,1333,2538,679,8609,"8,535",27,20,21,22,26,30,42,0,13,0,13,124,51,239,687,1430
Lyon,7.3,2012,2250,2125,2700,1012,11761,"11,410",41,7,8,67,48,38,17,2,4,96,51,103,32,458,679,2100
Lyon,7.3,2013,2250,2125,2700,1012,11700,"11,410",41,7,8,67,48,38,17,2,4,96,51,103,32,458,679,2100
Lyon,7.3,2014,2250,2125,2700,1012,11709,"11,410",41,7,8,67,48,38,17,2,4,96,51,103,32,458,679,2100
Lyon,7.3,2015,2250,2125,2700,1012,11755,"11,410",41,7,8,67,48,38,17,2,4,96,51,103,32,458,679,2100
Madison,7.6,2012,3520,3020,3364,1218,15639,"15,242",65,91,38,13,15,157,48,11,15,32,40,98,59,770,890,2555
Madison,7.6,2013,3520,3020,3364,1218,15482,"15,242",65,91,38,13,15,157,48,11,15,32,40,98,59,770,890,2555
Madison,7.6,2014,3520,3020,3364,1218,15620,"15,242",65,91,38,13,15,157,48,11,15,32,40,98,59,770,890,2555
Madison,7.6,2015,3520,3020,3364,1218,15727,"15,242",65,91,38,13,15,157,48,11,15,32,40,98,59,770,890,2555
Mahaska,14.7,2012,4482,3900,5277,2350,22407,"21,380",87,310,53,47,39,254,47,8,15,98,66,299,90,514,1718,3607
Mahaska,14.7,2013,4482,3900,5277,2350,22432,"21,380",87,310,53,47,39,254,47,8,15,98,66,299,90,514,1718,3607
Mahaska,14.7,2014,4482,3900,5277,2350,22466,"21,380",87,310,53,47,39,254,47,8,15,98,66,299,90,514,1718,3607
Mahaska,14.7,2015,4482,3900,5277,2350,22417,"21,380",87,310,53,47,39,254,47,8,15,98,66,299,90,514,1718,3607
Marion,9.9,2012,6586,5774,7508,3573,33277,"32,015",118,182,59,58,51,348,112,0,20,139,97,506,126,1016,2046,5798
Marion,9.9,2013,6586,5774,7508,3573,33019,"32,015",118,182,59,58,51,348,112,0,20,139,97,506,126,1016,2046,5798
Marion,9.9,2014,6586,5774,7508,3573,33280,"32,015",118,182,59,58,51,348,112,0,20,139,97,506,126,1016,2046,5798
Marion,9.9,2015,6586,5774,7508,3573,33123,"32,015",118,182,59,58,51,348,112,0,20,139,97,506,126,1016,2046,5798
Marshall,11.1,2012,8197,6975,9623,4409,41032,"34,575",680,709,171,145,91,"1,183",60,0,20,"3,666",689,684,289,1047,2760,6687
Marshall,11.1,2013,8197,6975,9623,4409,40993,"34,575",680,709,171,145,91,"1,183",60,0,20,"3,666",689,684,289,1047,2760,6687
Marshall,11.1,2014,8197,6975,9623,4409,40712,"34,575",680,709,171,145,91,"1,183",60,0,20,"3,666",689,684,289,1047,2760,6687
Marshall,11.1,2015,8197,6975,9623,4409,40340,"34,575",680,709,171,145,91,"1,183",60,0,20,"3,666",689,684,289,1047,2760,6687
Mills,8.9,2012,3559,2594,3371,1200,14874,"14,496",9,107,32,61,61,12,13,0,15,6,9,180,64,777,817,2397
Mills,8.9,2013,3559,2594,3371,1200,14907,"14,496",9,107,32,61,61,12,13,0,15,6,9,180,64,777,817,2397
Mills,8.9,2014,3559,2594,3371,1200,14763,"14,496",9,107,32,61,61,12,13,0,15,6,9,180,64,777,817,2397
Mills,8.9,2015,3559,2594,3371,1200,14885,"14,496",9,107,32,61,61,12,13,0,15,6,9,180,64,777,817,2397
Mitchell,9.6,2012,2293,1601,2962,936,10714,"10,633",77,15,18,2,4,10,8,0,15,12,12,90,82,351,748,1826
Mitchell,9.6,2013,2293,1601,2962,936,10663,"10,633",77,15,18,2,4,10,8,0,15,12,12,90,82,351,748,1826
Mitchell,9.6,2014,2293,1601,2962,936,10694,"10,633",77,15,18,2,4,10,8,0,15,12,12,90,82,351,748,1826
Mitchell,9.6,2015,2293,1601,2962,936,10670,"10,633",77,15,18,2,4,10,8,0,15,12,12,90,82,351,748,1826
Monona,13.9,2012,1937,1354,2896,836,9090,"8,826",7,49,62,117,103,11,17,0,13,6,7,79,55,212,779,1427
Monona,13.9,2013,1937,1354,2896,836,9030,"8,826",7,49,62,117,103,11,17,0,13,6,7,79,55,212,779,1427
Monona,13.9,2014,1937,1354,2896,836,8898,"8,826",7,49,62,117,103,11,17,0,13,6,7,79,55,212,779,1427
Monona,13.9,2015,1937,1354,2896,836,8865,"8,826",7,49,62,117,103,11,17,0,13,6,7,79,55,212,779,1427
Monroe,12.1,2012,1648,1331,2034,809,8070,"7,587",113,11,11,2,4,45,69,0,13,129,128,228,124,198,620,1328
Monroe,12.1,2013,1648,1331,2034,809,7974,"7,587",113,11,11,2,4,45,69,0,13,129,128,228,124,198,620,1328
Monroe,12.1,2014,1648,1331,2034,809,7952,"7,587",113,11,11,2,4,45,69,0,13,129,128,228,124,198,620,1328
Monroe,12.1,2015,1648,1331,2034,809,7919,"7,587",113,11,11,2,4,45,69,0,13,129,128,228,124,198,620,1328
Montgomery,16.8,2012,2352,1699,2898,837,10541,"10,032",85,0,15,19,26,3,7,0,15,136,83,275,78,263,1111,1756
Montgomery,16.8,2013,2352,1699,2898,837,10407,"10,032",85,0,15,19,26,3,7,0,15,136,83,275,78,263,1111,1756
Montgomery,16.8,2014,2352,1699,2898,837,10386,"10,032",85,0,15,19,26,3,7,0,15,136,83,275,78,263,1111,1756
Montgomery,16.8,2015,2352,1699,2898,837,10153,"10,032",85,0,15,19,26,3,7,0,15,136,83,275,78,263,1111,1756
Muscatine,12.4,2012,8683,7780,9296,4753,42922,"39,454",487,664,161,104,88,533,24,25,38,"1,028",408,"1,105",431,1258,2964,7201
Muscatine,12.4,2013,8683,7780,9296,4753,43018,"39,454",487,664,161,104,88,533,24,25,38,"1,028",408,"1,105",431,1258,2964,7201
Muscatine,12.4,2014,8683,7780,9296,4753,43032,"39,454",487,664,161,104,88,533,24,25,38,"1,028",408,"1,105",431,1258,2964,7201
Muscatine,12.4,2015,8683,7780,9296,4753,43069,"39,454",487,664,161,104,88,533,24,25,38,"1,028",408,"1,105",431,1258,2964,7201
O'Brien,7.3,2012,3056,2263,3769,1265,14154,"13,359",73,72,36,29,24,119,19,2,5,337,108,174,86,504,829,2584
O'Brien,7.3,2013,3056,2263,3769,1265,14046,"13,359",73,72,36,29,24,119,19,2,5,337,108,174,86,504,829,2584
O'Brien,7.3,2014,3056,2263,3769,1265,14045,"13,359",73,72,36,29,24,119,19,2,5,337,108,174,86,504,829,2584
O'Brien,7.3,2015,3056,2263,3769,1265,13927,"13,359",73,72,36,29,24,119,19,2,5,337,108,174,86,504,829,2584
Osceola,8.5,2012,1432,1026,1637,544,6203,"5,933",107,25,9,22,21,16,23,0,13,165,107,50,27,180,449,1105
Osceola,8.5,2013,1432,1026,1637,544,6236,"5,933",107,25,9,22,21,16,23,0,13,165,107,50,27,180,449,1105
Osceola,8.5,2014,1432,1026,1637,544,6231,"5,933",107,25,9,22,21,16,23,0,13,165,107,50,27,180,449,1105
Osceola,8.5,2015,1432,1026,1637,544,6161,"5,933",107,25,9,22,21,16,23,0,13,165,107,50,27,180,449,1105
Page,15.3,2012,3243,2792,4290,1403,15705,"14,804",35,331,137,61,38,183,20,0,15,27,28,254,136,445,1226,2300
Page,15.3,2013,3243,2792,4290,1403,15521,"14,804",35,331,137,61,38,183,20,0,15,27,28,254,136,445,1226,2300
Page,15.3,2014,3243,2792,4290,1403,15487,"14,804",35,331,137,61,38,183,20,0,15,27,28,254,136,445,1226,2300
Page,15.3,2015,3243,2792,4290,1403,15466,"14,804",35,331,137,61,38,183,20,0,15,27,28,254,136,445,1226,2300
Palo Alto,10.7,2012,1911,1476,2498,964,9278,"8,950",37,116,63,8,9,37,36,0,13,10,15,87,52,270,699,1558
Palo Alto,10.7,2013,1911,1476,2498,964,9163,"8,950",37,116,63,8,9,37,36,0,13,10,15,87,52,270,699,1558
Palo Alto,10.7,2014,1911,1476,2498,964,9120,"8,950",37,116,63,8,9,37,36,0,13,10,15,87,52,270,699,1558
Palo Alto,10.7,2015,1911,1476,2498,964,9137,"8,950",37,116,63,8,9,37,36,0,13,10,15,87,52,270,699,1558
Plymouth,7.8,2012,5418,4339,6005,2071,24836,"24,060",188,126,74,26,42,85,39,75,98,237,186,244,115,1106,1483,4365
Plymouth,7.8,2013,5418,4339,6005,2071,24937,"24,060",188,126,74,26,42,85,39,75,98,237,186,244,115,1106,1483,4365
Plymouth,7.8,2014,5418,4339,6005,2071,24918,"24,060",188,126,74,26,42,85,39,75,98,237,186,244,115,1106,1483,4365
Plymouth,7.8,2015,5418,4339,6005,2071,24912,"24,060",188,126,74,26,42,85,39,75,98,237,186,244,115,1106,1483,4365
Pocahontas,14.2,2012,1699,984,2035,700,7143,"6,878",48,97,40,4,7,9,9,8,10,41,35,90,41,198,553,1149
Pocahontas,14.2,2013,1699,984,2035,700,7112,"6,878",48,97,40,4,7,9,9,8,10,41,35,90,41,198,553,1149
Pocahontas,14.2,2014,1699,984,2035,700,7099,"6,878",48,97,40,4,7,9,9,8,10,41,35,90,41,198,553,1149
Pocahontas,14.2,2015,1699,984,2035,700,6970,"6,878",48,97,40,4,7,9,9,8,10,41,35,90,41,198,553,1149
Polk,12.9,2012,88629,97067,75873,59103,444753,"386,251","1,341","28,241",776,"1,203",453,"17,835",456,307,56,"6,814","1,108","11,718","1,112",24730,26570,63017
Polk,12.9,2013,88629,97067,75873,59103,452780,"386,251","1,341","28,241",776,"1,203",453,"17,835",456,307,56,"6,814","1,108","11,718","1,112",24730,26570,63017
Polk,12.9,2014,88629,97067,75873,59103,461069,"386,251","1,341","28,241",776,"1,203",453,"17,835",456,307,56,"6,814","1,108","11,718","1,112",24730,26570,63017
Polk,12.9,2015,88629,97067,75873,59103,467517,"386,251","1,341","28,241",776,"1,203",453,"17,835",456,307,56,"6,814","1,108","11,718","1,112",24730,26570,63017
Pottawattamie,13.0,2012,19984,16754,20076,10340,92965,"88,038",383,"1,200",186,291,105,574,148,6,9,"1,160",358,"1,944",273,3464,6437,14547
Pottawattamie,13.0,2013,19984,16754,20076,10340,92923,"88,038",383,"1,200",186,291,105,574,148,6,9,"1,160",358,"1,944",273,3464,6437,14547
Pottawattamie,13.0,2014,19984,16754,20076,10340,93332,"88,038",383,"1,200",186,291,105,574,148,6,9,"1,160",358,"1,944",273,3464,6437,14547
Pottawattamie,13.0,2015,19984,16754,20076,10340,93657,"88,038",383,"1,200",186,291,105,574,148,6,9,"1,160",358,"1,944",273,3464,6437,14547
Poweshiek,10.4,2012,3973,2767,4523,2158,18734,"17,738",61,217,40,24,24,391,84,21,29,47,46,267,95,562,1085,2986
Poweshiek,10.4,2013,3973,2767,4523,2158,18618,"17,738",61,217,40,24,24,391,84,21,29,47,46,267,95,562,1085,2986
Poweshiek,10.4,2014,3973,2767,4523,2158,18624,"17,738",61,217,40,24,24,391,84,21,29,47,46,267,95,562,1085,2986
Poweshiek,10.4,2015,3973,2767,4523,2158,18379,"17,738",61,217,40,24,24,391,84,21,29,47,46,267,95,562,1085,2986
Ringgold,10.6,2012,978,706,1624,391,5025,"4,949",27,12,11,28,21,24,17,0,13,1,2,47,31,157,406,768
Ringgold,10.6,2013,978,706,1624,391,4971,"4,949",27,12,11,28,21,24,17,0,13,1,2,47,31,157,406,768
Ringgold,10.6,2014,978,706,1624,391,4961,"4,949",27,12,11,28,21,24,17,0,13,1,2,47,31,157,406,768
Ringgold,10.6,2015,978,706,1624,391,4978,"4,949",27,12,11,28,21,24,17,0,13,1,2,47,31,157,406,768
Sac,8.2,2012,2279,1482,2959,817,10161,"9,889",30,71,37,2,4,0,15,3,5,32,27,104,37,330,674,1835
Sac,8.2,2013,2279,1482,2959,817,10028,"9,889",30,71,37,2,4,0,15,3,5,32,27,104,37,330,674,1835
Sac,8.2,2014,2279,1482,2959,817,10046,"9,889",30,71,37,2,4,0,15,3,5,32,27,104,37,330,674,1835
Sac,8.2,2015,2279,1482,2959,817,9961,"9,889",30,71,37,2,4,0,15,3,5,32,27,104,37,330,674,1835
Scott,12.1,2012,34480,33144,34976,19856,168433,"146,516",552,"13,115",560,434,143,"3,892",220,16,19,"1,679",419,"4,342",736,8229,10287,24146
Scott,12.1,2013,34480,33144,34976,19856,170321,"146,516",552,"13,115",560,434,143,"3,892",220,16,19,"1,679",419,"4,342",736,8229,10287,24146
Scott,12.1,2014,34480,33144,34976,19856,171457,"146,516",552,"13,115",560,434,143,"3,892",220,16,19,"1,679",419,"4,342",736,8229,10287,24146
Scott,12.1,2015,34480,33144,34976,19856,172072,"146,516",552,"13,115",560,434,143,"3,892",220,16,19,"1,679",419,"4,342",736,8229,10287,24146
Shelby,11.2,2012,2797,1757,3427,944,12032,"11,521",61,23,15,13,15,58,14,0,15,203,84,174,45,435,728,1981
Shelby,11.2,2013,2797,1757,3427,944,11905,"11,521",61,23,15,13,15,58,14,0,15,203,84,174,45,435,728,1981
Shelby,11.2,2014,2797,1757,3427,944,11886,"11,521",61,23,15,13,15,58,14,0,15,203,84,174,45,435,728,1981
Shelby,11.2,2015,2797,1757,3427,944,11799,"11,521",61,23,15,13,15,58,14,0,15,203,84,174,45,435,728,1981
Sioux,8.3,2012,6063,5785,6705,4335,34289,"31,934",355,150,34,86,41,254,49,6,11,"1,701",369,378,96,1478,1809,5558
Sioux,8.3,2013,6063,5785,6705,4335,34511,"31,934",355,150,34,86,41,254,49,6,11,"1,701",369,378,96,1478,1809,5558
Sioux,8.3,2014,6063,5785,6705,4335,34648,"31,934",355,150,34,86,41,254,49,6,11,"1,701",369,378,96,1478,1809,5558
Sioux,8.3,2015,6063,5785,6705,4335,34764,"31,934",355,150,34,86,41,254,49,6,11,"1,701",369,378,96,1478,1809,5558
Story,22.7,2012,13254,13993,14065,22132,92046,"82,374",160,"2,274",248,173,112,"6,132",361,31,36,317,87,"2,285",442,3898,3678,11319
Story,22.7,2013,13254,13993,14065,22132,93938,"82,374",160,"2,274",248,173,112,"6,132",361,31,36,317,87,"2,285",442,3898,3678,11319
Story,22.7,2014,13254,13993,14065,22132,95894,"82,374",160,"2,274",248,173,112,"6,132",361,31,36,317,87,"2,285",442,3898,3678,11319
Story,22.7,2015,13254,13993,14065,22132,96744,"82,374",160,"2,274",248,173,112,"6,132",361,31,36,317,87,"2,285",442,3898,3678,11319
Tama,11.3,2012,3701,2878,4529,1495,17500,"15,501",165,89,28,"1,273",75,46,25,5,7,225,123,340,84,648,1047,3150
Tama,11.3,2013,3701,2878,4529,1495,17432,"15,501",165,89,28,"1,273",75,46,25,5,7,225,123,340,84,648,1047,3150
Tama,11.3,2014,3701,2878,4529,1495,17309,"15,501",165,89,28,"1,273",75,46,25,5,7,225,123,340,84,648,1047,3150
Tama,11.3,2015,3701,2878,4529,1495,17214,"15,501",165,89,28,"1,273",75,46,25,5,7,225,123,340,84,648,1047,3150
Taylor,14.1,2012,1302,1104,1689,506,6259,"5,957",107,13,9,18,15,38,16,0,13,108,104,79,51,153,651,1052
Taylor,14.1,2013,1302,1104,1689,506,6227,"5,957",107,13,9,18,15,38,16,0,13,108,104,79,51,153,651,1052
Taylor,14.1,2014,1302,1104,1689,506,6172,"5,957",107,13,9,18,15,38,16,0,13,108,104,79,51,153,651,1052
Taylor,14.1,2015,1302,1104,1689,506,6243,"5,957",107,13,9,18,15,38,16,0,13,108,104,79,51,153,651,1052
Union,13.6,2012,2465,2134,3271,1170,12585,"12,244",28,124,85,51,34,42,34,14,28,1,2,99,66,329,906,2019
Union,13.6,2013,2465,2134,3271,1170,12615,"12,244",28,124,85,51,34,42,34,14,28,1,2,99,66,329,906,2019
Union,13.6,2014,2465,2134,3271,1170,12625,"12,244",28,124,85,51,34,42,34,14,28,1,2,99,66,329,906,2019
Union,13.6,2015,2465,2134,3271,1170,12431,"12,244",28,124,85,51,34,42,34,14,28,1,2,99,66,329,906,2019
Van Buren,14.9,2012,1742,1201,1931,586,7449,"7,278",30,45,42,9,10,18,17,0,13,6,10,76,22,178,616,1259
Van Buren,14.9,2013,1742,1201,1931,586,7434,"7,278",30,45,42,9,10,18,17,0,13,6,10,76,22,178,616,1259
Van Buren,14.9,2014,1742,1201,1931,586,7390,"7,278",30,45,42,9,10,18,17,0,13,6,10,76,22,178,616,1259
Van Buren,14.9,2015,1742,1201,1931,586,7297,"7,278",30,45,42,9,10,18,17,0,13,6,10,76,22,178,616,1259
Wapello,18.6,2012,7221,6400,8213,4137,35430,"32,494",414,728,111,55,48,317,35,7,11,"1,239",415,475,113,869,3327,5262
Wapello,18.6,2013,7221,6400,8213,4137,35506,"32,494",414,728,111,55,48,317,35,7,11,"1,239",415,475,113,869,3327,5262
Wapello,18.6,2014,7221,6400,8213,4137,35421,"32,494",414,728,111,55,48,317,35,7,11,"1,239",415,475,113,869,3327,5262
Wapello,18.6,2015,7221,6400,8213,4137,35450,"32,494",414,728,111,55,48,317,35,7,11,"1,239",415,475,113,869,3327,5262
Warren,6.8,2012,10108,8813,9637,4670,46906,"46,034",111,239,113,98,76,183,51,51,77,177,83,760,126,2463,2642,8088
Warren,6.8,2013,10108,8813,9637,4670,47369,"46,034",111,239,113,98,76,183,51,51,77,177,83,760,126,2463,2642,8088
Warren,6.8,2014,10108,8813,9637,4670,47848,"46,034",111,239,113,98,76,183,51,51,77,177,83,760,126,2463,2642,8088
Warren,6.8,2015,10108,8813,9637,4670,48486,"46,034",111,239,113,98,76,183,51,51,77,177,83,760,126,2463,2642,8088
Washington,9.3,2012,4910,3760,5225,1983,21910,"21,112",179,183,77,2,3,101,45,12,18,255,140,352,104,671,1374,3911
Washington,9.3,2013,4910,3760,5225,1983,21954,"21,112",179,183,77,2,3,101,45,12,18,255,140,352,104,671,1374,3911
Washington,9.3,2014,4910,3760,5225,1983,22040,"21,112",179,183,77,2,3,101,45,12,18,255,140,352,104,671,1374,3911
Washington,9.3,2015,4910,3760,5225,1983,22160,"21,112",179,183,77,2,3,101,45,12,18,255,140,352,104,671,1374,3911
Wayne,13.3,2012,1272,918,1886,557,6329,"6,235",53,30,15,20,20,4,6,0,13,0,13,95,49,147,523,992
Wayne,13.3,2013,1272,918,1886,557,6384,"6,235",53,30,15,20,20,4,6,0,13,0,13,95,49,147,523,992
Wayne,13.3,2014,1272,918,1886,557,6375,"6,235",53,30,15,20,20,4,6,0,13,0,13,95,49,147,523,992
Wayne,13.3,2015,1272,918,1886,557,6359,"6,235",53,30,15,20,20,4,6,0,13,0,13,95,49,147,523,992
Webster,15.2,2012,7581,6293,8929,4192,37335,"34,283",196,"1,604",156,144,51,406,37,0,20,276,146,582,156,1120,3065,4929
Webster,15.2,2013,7581,6293,8929,4192,37344,"34,283",196,"1,604",156,144,51,406,37,0,20,276,146,582,156,1120,3065,4929
Webster,15.2,2014,7581,6293,8929,4192,37085,"34,283",196,"1,604",156,144,51,406,37,0,20,276,146,582,156,1120,3065,4929
Webster,15.2,2015,7581,6293,8929,4192,37089,"34,283",196,"1,604",156,144,51,406,37,0,20,276,146,582,156,1120,3065,4929
Winnebago,9.9,2012,2137,1733,2999,1005,10608,"10,168",76,98,60,80,62,115,12,1,2,38,30,114,65,306,778,1818
Winnebago,9.9,2013,2137,1733,2999,1005,10440,"10,168",76,98,60,80,62,115,12,1,2,38,30,114,65,306,778,1818
Winnebago,9.9,2014,2137,1733,2999,1005,10567,"10,168",76,98,60,80,62,115,12,1,2,38,30,114,65,306,778,1818
Winnebago,9.9,2015,2137,1733,2999,1005,10612,"10,168",76,98,60,80,62,115,12,1,2,38,30,114,65,306,778,1818
Winneshiek,8.1,2012,4580,3123,4944,2235,21048,"20,189",81,198,22,62,60,259,79,0,17,62,59,114,63,683,1199,3557
Winneshiek,8.1,2013,4580,3123,4944,2235,20849,"20,189",81,198,22,62,60,259,79,0,17,62,59,114,63,683,1199,3557
Winneshiek,8.1,2014,4580,3123,4944,2235,20708,"20,189",81,198,22,62,60,259,79,0,17,62,59,114,63,683,1199,3557
Winneshiek,8.1,2015,4580,3123,4944,2235,20756,"20,189",81,198,22,62,60,259,79,0,17,62,59,114,63,683,1199,3557
Woodbury,14.6,2012,19574,18933,19943,12281,102351,"87,371",838,"2,862",303,"1,859",242,"2,681",158,20,32,"4,728",791,"3,009",561,2549,8135,14849
Woodbury,14.6,2013,19574,18933,19943,12281,102317,"87,371",838,"2,862",303,"1,859",242,"2,681",158,20,32,"4,728",791,"3,009",561,2549,8135,14849
Woodbury,14.6,2014,19574,18933,19943,12281,102333,"87,371",838,"2,862",303,"1,859",242,"2,681",158,20,32,"4,728",791,"3,009",561,2549,8135,14849
Woodbury,14.6,2015,19574,18933,19943,12281,102532,"87,371",838,"2,862",303,"1,859",242,"2,681",158,20,32,"4,728",791,"3,009",561,2549,8135,14849
Worth,12.0,2012,1741,1243,2020,665,7495,"7,351",33,73,34,10,11,12,8,0,13,19,18,98,42,206,563,1384
Worth,12.0,2013,1741,1243,2020,665,7488,"7,351",33,73,34,10,11,12,8,0,13,19,18,98,42,206,563,1384
Worth,12.0,2014,1741,1243,2020,665,7558,"7,351",33,73,34,10,11,12,8,0,13,19,18,98,42,206,563,1384
Worth,12.0,2015,1741,1243,2020,665,7503,"7,351",33,73,34,10,11,12,8,0,13,19,18,98,42,206,563,1384
Wright,11.1,2012,2786,2061,3578,1202,13019,"12,247",180,49,30,31,37,65,14,14,22,367,180,163,42,446,1125,1819
Wright,11.1,2013,2786,2061,3578,1202,12982,"12,247",180,49,30,31,37,65,14,14,22,367,180,163,42,446,1125,1819
Wright,11.1,2014,2786,2061,3578,1202,12905,"12,247",180,49,30,31,37,65,14,14,22,367,180,163,42,446,1125,1819
Wright,11.1,2015,2786,2061,3578,1202,12843,"12,247",180,49,30,31,37,65,14,14,22,367,180,163,42,446,1125,1819
