County,Year,White Estimate,White ME,Black Estimate,Black ME,Native American Estimate,Native American ME,Asian Estimate,Asian ME,Pacific Estimate,Pacific ME,Other Estimate,Other ME,Two+ Estimate,Two+ ME
Adair,2016,"6,820",48,34,26,0,14,55,18,0,14,22,28,117,41
Adair,2017,"6,820",48,34,26,0,14,55,18,0,14,22,28,117,41
Adair,2018,"6,820",48,34,26,0,14,55,18,0,14,22,28,117,41
Adair,2019,"6,820",48,34,26,0,14,55,18,0,14,22,28,117,41
Adair,2020,"6,820",48,34,26,0,14,55,18,0,14,22,28,117,41
Adair,2011,"7,312",15,27,20,2,4,24,19,0,13,13,14,48,23
Adair,2012,"7,312",15,27,20,2,4,24,19,0,13,13,14,48,23
Adair,2013,"7,312",15,27,20,2,4,24,19,0,13,13,14,48,23
Adair,2014,"7,312",15,27,20,2,4,24,19,0,13,13,14,48,23
Adair,2015,"7,312",15,27,20,2,4,24,19,0,13,13,14,48,23
Adams,2016,"3,515",17,4,7,8,13,23,24,0,10,34,16,49,29
Adams,2017,"3,515",17,4,7,8,13,23,24,0,10,34,16,49,29
Adams,2018,"3,515",17,4,7,8,13,23,24,0,10,34,16,49,29
Adams,2019,"3,515",17,4,7,8,13,23,24,0,10,34,16,49,29
Adams,2020,"3,515",17,4,7,8,13,23,24,0,10,34,16,49,29
Adams,2011,"3,788",15,27,26,2,3,11,12,0,9,0,9,64,21
Adams,2012,"3,788",15,27,26,2,3,11,12,0,9,0,9,64,21
Adams,2013,"3,788",15,27,26,2,3,11,12,0,9,0,9,64,21
Adams,2014,"3,788",15,27,26,2,3,11,12,0,9,0,9,64,21
Adams,2015,"3,788",15,27,26,2,3,11,12,0,9,0,9,64,21
Allamakee,2016,"13,129",105,164,80,151,99,69,23,0,16,56,54,192,100
Allamakee,2017,"13,129",105,164,80,151,99,69,23,0,16,56,54,192,100
Allamakee,2018,"13,129",105,164,80,151,99,69,23,0,16,56,54,192,100
Allamakee,2019,"13,129",105,164,80,151,99,69,23,0,16,56,54,192,100
Allamakee,2020,"13,129",105,164,80,151,99,69,23,0,16,56,54,192,100
Allamakee,2011,"13,592",72,99,56,29,26,39,23,3,7,46,42,252,71
Allamakee,2012,"13,592",72,99,56,29,26,39,23,3,7,46,42,252,71
Allamakee,2013,"13,592",72,99,56,29,26,39,23,3,7,46,42,252,71
Allamakee,2014,"13,592",72,99,56,29,26,39,23,3,7,46,42,252,71
Allamakee,2015,"13,592",72,99,56,29,26,39,23,3,7,46,42,252,71
Appanoose,2016,"12,051",37,77,56,49,36,35,34,0,16,15,22,235,71
Appanoose,2017,"12,051",37,77,56,49,36,35,34,0,16,15,22,235,71
Appanoose,2018,"12,051",37,77,56,49,36,35,34,0,16,15,22,235,71
Appanoose,2019,"12,051",37,77,56,49,36,35,34,0,16,15,22,235,71
Appanoose,2020,"12,051",37,77,56,49,36,35,34,0,16,15,22,235,71
Appanoose,2011,"12,347",35,43,35,4,7,47,24,0,15,13,17,215,57
Appanoose,2012,"12,347",35,43,35,4,7,47,24,0,15,13,17,215,57
Appanoose,2013,"12,347",35,43,35,4,7,47,24,0,15,13,17,215,57
Appanoose,2014,"12,347",35,43,35,4,7,47,24,0,15,13,17,215,57
Appanoose,2015,"12,347",35,43,35,4,7,47,24,0,15,13,17,215,57
Audubon,2016,"5,343",41,2,3,0,14,2,6,0,14,20,29,161,54
Audubon,2017,"5,343",41,2,3,0,14,2,6,0,14,20,29,161,54
Audubon,2018,"5,343",41,2,3,0,14,2,6,0,14,20,29,161,54
Audubon,2019,"5,343",41,2,3,0,14,2,6,0,14,20,29,161,54
Audubon,2020,"5,343",41,2,3,0,14,2,6,0,14,20,29,161,54
Audubon,2011,"5,732",12,19,18,39,40,19,17,0,13,0,13,60,35
Audubon,2012,"5,732",12,19,18,39,40,19,17,0,13,0,13,60,35
Audubon,2013,"5,732",12,19,18,39,40,19,17,0,13,0,13,60,35
Audubon,2014,"5,732",12,19,18,39,40,19,17,0,13,0,13,60,35
Audubon,2015,"5,732",12,19,18,39,40,19,17,0,13,0,13,60,35
Benton,2016,"24,651",147,94,45,40,35,100,31,0,18,186,113,487,120
Benton,2017,"24,651",147,94,45,40,35,100,31,0,18,186,113,487,120
Benton,2018,"24,651",147,94,45,40,35,100,31,0,18,186,113,487,120
Benton,2019,"24,651",147,94,45,40,35,100,31,0,18,186,113,487,120
Benton,2020,"24,651",147,94,45,40,35,100,31,0,18,186,113,487,120
Benton,2011,"25,226",93,181,57,8,12,55,34,0,17,65,68,268,89
Benton,2012,"25,226",93,181,57,8,12,55,34,0,17,65,68,268,89
Benton,2013,"25,226",93,181,57,8,12,55,34,0,17,65,68,268,89
Benton,2014,"25,226",93,181,57,8,12,55,34,0,17,65,68,268,89
Benton,2015,"25,226",93,181,57,8,12,55,34,0,17,65,68,268,89
Black Hawk,2016,"109,478",571,"12,674",462,523,149,"3,558",154,367,200,"1,412",397,"3,801",649
Black Hawk,2017,"109,478",571,"12,674",462,523,149,"3,558",154,367,200,"1,412",397,"3,801",649
Black Hawk,2018,"109,478",571,"12,674",462,523,149,"3,558",154,367,200,"1,412",397,"3,801",649
Black Hawk,2019,"109,478",571,"12,674",462,523,149,"3,558",154,367,200,"1,412",397,"3,801",649
Black Hawk,2020,"109,478",571,"12,674",462,523,149,"3,558",154,367,200,"1,412",397,"3,801",649
Black Hawk,2011,"112,912",435,"12,130",471,327,121,"2,246",218,23,28,"1,997",428,"2,861",426
Black Hawk,2012,"112,912",435,"12,130",471,327,121,"2,246",218,23,28,"1,997",428,"2,861",426
Black Hawk,2013,"112,912",435,"12,130",471,327,121,"2,246",218,23,28,"1,997",428,"2,861",426
Black Hawk,2014,"112,912",435,"12,130",471,327,121,"2,246",218,23,28,"1,997",428,"2,861",426
Black Hawk,2015,"112,912",435,"12,130",471,327,121,"2,246",218,23,28,"1,997",428,"2,861",426
Boone,2016,"25,259",145,299,164,133,135,68,55,69,111,174,138,379,156
Boone,2017,"25,259",145,299,164,133,135,68,55,69,111,174,138,379,156
Boone,2018,"25,259",145,299,164,133,135,68,55,69,111,174,138,379,156
Boone,2019,"25,259",145,299,164,133,135,68,55,69,111,174,138,379,156
Boone,2020,"25,259",145,299,164,133,135,68,55,69,111,174,138,379,156
Boone,2011,"25,658",29,235,132,54,44,85,75,10,16,30,28,329,124
Boone,2012,"25,658",29,235,132,54,44,85,75,10,16,30,28,329,124
Boone,2013,"25,658",29,235,132,54,44,85,75,10,16,30,28,329,124
Boone,2014,"25,658",29,235,132,54,44,85,75,10,16,30,28,329,124
Boone,2015,"25,658",29,235,132,54,44,85,75,10,16,30,28,329,124
Bremer,2016,"23,942",77,263,71,66,58,279,52,15,30,86,50,381,94
Bremer,2017,"23,942",77,263,71,66,58,279,52,15,30,86,50,381,94
Bremer,2018,"23,942",77,263,71,66,58,279,52,15,30,86,50,381,94
Bremer,2019,"23,942",77,263,71,66,58,279,52,15,30,86,50,381,94
Bremer,2020,"23,942",77,263,71,66,58,279,52,15,30,86,50,381,94
Bremer,2011,"23,737",65,269,50,49,17,187,53,45,58,60,38,192,81
Bremer,2012,"23,737",65,269,50,49,17,187,53,45,58,60,38,192,81
Bremer,2013,"23,737",65,269,50,49,17,187,53,45,58,60,38,192,81
Bremer,2014,"23,737",65,269,50,49,17,187,53,45,58,60,38,192,81
Bremer,2015,"23,737",65,269,50,49,17,187,53,45,58,60,38,192,81
Buchanan,2016,"20,533",74,30,21,44,39,73,96,2,4,3,5,456,126
Buchanan,2017,"20,533",74,30,21,44,39,73,96,2,4,3,5,456,126
Buchanan,2018,"20,533",74,30,21,44,39,73,96,2,4,3,5,456,126
Buchanan,2019,"20,533",74,30,21,44,39,73,96,2,4,3,5,456,126
Buchanan,2020,"20,533",74,30,21,44,39,73,96,2,4,3,5,456,126
Buchanan,2011,"20,514",52,79,50,73,18,95,26,0,17,78,52,159,56
Buchanan,2012,"20,514",52,79,50,73,18,95,26,0,17,78,52,159,56
Buchanan,2013,"20,514",52,79,50,73,18,95,26,0,17,78,52,159,56
Buchanan,2014,"20,514",52,79,50,73,18,95,26,0,17,78,52,159,56
Buchanan,2015,"20,514",52,79,50,73,18,95,26,0,17,78,52,159,56
Buena Vista,2016,"14,718",455,450,68,12,14,"2,099",43,332,10,"1,482",444,857,289
Buena Vista,2017,"14,718",455,450,68,12,14,"2,099",43,332,10,"1,482",444,857,289
Buena Vista,2018,"14,718",455,450,68,12,14,"2,099",43,332,10,"1,482",444,857,289
Buena Vista,2019,"14,718",455,450,68,12,14,"2,099",43,332,10,"1,482",444,857,289
Buena Vista,2020,"14,718",455,450,68,12,14,"2,099",43,332,10,"1,482",444,857,289
Buena Vista,2011,"16,611",444,590,57,6,7,"1,589",59,181,17,"1,119",431,411,243
Buena Vista,2012,"16,611",444,590,57,6,7,"1,589",59,181,17,"1,119",431,411,243
Buena Vista,2013,"16,611",444,590,57,6,7,"1,589",59,181,17,"1,119",431,411,243
Buena Vista,2014,"16,611",444,590,57,6,7,"1,589",59,181,17,"1,119",431,411,243
Buena Vista,2015,"16,611",444,590,57,6,7,"1,589",59,181,17,"1,119",431,411,243
Butler,2016,"14,100",67,122,58,25,14,82,59,12,16,29,23,138,87
Butler,2017,"14,100",67,122,58,25,14,82,59,12,16,29,23,138,87
Butler,2018,"14,100",67,122,58,25,14,82,59,12,16,29,23,138,87
Butler,2019,"14,100",67,122,58,25,14,82,59,12,16,29,23,138,87
Butler,2020,"14,100",67,122,58,25,14,82,59,12,16,29,23,138,87
Butler,2011,"14,702",17,59,39,20,23,70,39,0,15,0,15,115,44
Butler,2012,"14,702",17,59,39,20,23,70,39,0,15,0,15,115,44
Butler,2013,"14,702",17,59,39,20,23,70,39,0,15,0,15,115,44
Butler,2014,"14,702",17,59,39,20,23,70,39,0,15,0,15,115,44
Butler,2015,"14,702",17,59,39,20,23,70,39,0,15,0,15,115,44
Calhoun,2016,"9,196",56,153,50,18,16,36,10,0,14,66,52,187,53
Calhoun,2017,"9,196",56,153,50,18,16,36,10,0,14,66,52,187,53
Calhoun,2018,"9,196",56,153,50,18,16,36,10,0,14,66,52,187,53
Calhoun,2019,"9,196",56,153,50,18,16,36,10,0,14,66,52,187,53
Calhoun,2020,"9,196",56,153,50,18,16,36,10,0,14,66,52,187,53
Calhoun,2011,"9,533",34,134,45,44,39,29,9,0,13,21,17,153,57
Calhoun,2012,"9,533",34,134,45,44,39,29,9,0,13,21,17,153,57
Calhoun,2013,"9,533",34,134,45,44,39,29,9,0,13,21,17,153,57
Calhoun,2014,"9,533",34,134,45,44,39,29,9,0,13,21,17,153,57
Calhoun,2015,"9,533",34,134,45,44,39,29,9,0,13,21,17,153,57
Carroll,2016,"19,056",84,103,139,84,100,134,4,0,18,236,87,537,157
Carroll,2017,"19,056",84,103,139,84,100,134,4,0,18,236,87,537,157
Carroll,2018,"19,056",84,103,139,84,100,134,4,0,18,236,87,537,157
Carroll,2019,"19,056",84,103,139,84,100,134,4,0,18,236,87,537,157
Carroll,2020,"19,056",84,103,139,84,100,134,4,0,18,236,87,537,157
Carroll,2011,"20,025",90,314,106,14,18,16,21,7,12,69,77,184,121
Carroll,2012,"20,025",90,314,106,14,18,16,21,7,12,69,77,184,121
Carroll,2013,"20,025",90,314,106,14,18,16,21,7,12,69,77,184,121
Carroll,2014,"20,025",90,314,106,14,18,16,21,7,12,69,77,184,121
Carroll,2015,"20,025",90,314,106,14,18,16,21,7,12,69,77,184,121
Cass,2016,"12,577",66,79,64,36,41,43,16,17,25,92,60,146,67
Cass,2017,"12,577",66,79,64,36,41,43,16,17,25,92,60,146,67
Cass,2018,"12,577",66,79,64,36,41,43,16,17,25,92,60,146,67
Cass,2019,"12,577",66,79,64,36,41,43,16,17,25,92,60,146,67
Cass,2020,"12,577",66,79,64,36,41,43,16,17,25,92,60,146,67
Cass,2011,"13,253",73,57,48,45,30,52,5,14,16,49,48,120,48
Cass,2012,"13,253",73,57,48,45,30,52,5,14,16,49,48,120,48
Cass,2013,"13,253",73,57,48,45,30,52,5,14,16,49,48,120,48
Cass,2014,"13,253",73,57,48,45,30,52,5,14,16,49,48,120,48
Cass,2015,"13,253",73,57,48,45,30,52,5,14,16,49,48,120,48
Cedar,2016,"17,974",26,150,44,41,31,117,31,0,16,16,19,177,60
Cedar,2017,"17,974",26,150,44,41,31,117,31,0,16,16,19,177,60
Cedar,2018,"17,974",26,150,44,41,31,117,31,0,16,16,19,177,60
Cedar,2019,"17,974",26,150,44,41,31,117,31,0,16,16,19,177,60
Cedar,2020,"17,974",26,150,44,41,31,117,31,0,16,16,19,177,60
Cedar,2011,"17,871",45,72,58,14,15,113,48,0,15,53,39,252,82
Cedar,2012,"17,871",45,72,58,14,15,113,48,0,15,53,39,252,82
Cedar,2013,"17,871",45,72,58,14,15,113,48,0,15,53,39,252,82
Cedar,2014,"17,871",45,72,58,14,15,113,48,0,15,53,39,252,82
Cedar,2015,"17,871",45,72,58,14,15,113,48,0,15,53,39,252,82
Cerro Gordo,2016,"39,878",227,906,255,154,81,488,91,91,89,285,125,870,252
Cerro Gordo,2017,"39,878",227,906,255,154,81,488,91,91,89,285,125,870,252
Cerro Gordo,2018,"39,878",227,906,255,154,81,488,91,91,89,285,125,870,252
Cerro Gordo,2019,"39,878",227,906,255,154,81,488,91,91,89,285,125,870,252
Cerro Gordo,2020,"39,878",227,906,255,154,81,488,91,91,89,285,125,870,252
Cerro Gordo,2011,"41,325",208,544,135,98,65,492,67,0,20,249,144,773,193
Cerro Gordo,2012,"41,325",208,544,135,98,65,492,67,0,20,249,144,773,193
Cerro Gordo,2013,"41,325",208,544,135,98,65,492,67,0,20,249,144,773,193
Cerro Gordo,2014,"41,325",208,544,135,98,65,492,67,0,20,249,144,773,193
Cerro Gordo,2015,"41,325",208,544,135,98,65,492,67,0,20,249,144,773,193
Cherokee,2016,"10,479",117,344,133,0,16,125,74,0,16,8,10,325,130
Cherokee,2017,"10,479",117,344,133,0,16,125,74,0,16,8,10,325,130
Cherokee,2018,"10,479",117,344,133,0,16,125,74,0,16,8,10,325,130
Cherokee,2019,"10,479",117,344,133,0,16,125,74,0,16,8,10,325,130
Cherokee,2020,"10,479",117,344,133,0,16,125,74,0,16,8,10,325,130
Cherokee,2011,"11,534",31,54,45,42,41,13,16,0,15,23,26,187,45
Cherokee,2012,"11,534",31,54,45,42,41,13,16,0,15,23,26,187,45
Cherokee,2013,"11,534",31,54,45,42,41,13,16,0,15,23,26,187,45
Cherokee,2014,"11,534",31,54,45,42,41,13,16,0,15,23,26,187,45
Cherokee,2015,"11,534",31,54,45,42,41,13,16,0,15,23,26,187,45
Chickasaw,2016,"11,696",67,65,44,16,18,12,17,2,4,53,62,126,41
Chickasaw,2017,"11,696",67,65,44,16,18,12,17,2,4,53,62,126,41
Chickasaw,2018,"11,696",67,65,44,16,18,12,17,2,4,53,62,126,41
Chickasaw,2019,"11,696",67,65,44,16,18,12,17,2,4,53,62,126,41
Chickasaw,2020,"11,696",67,65,44,16,18,12,17,2,4,53,62,126,41
Chickasaw,2011,"12,009",41,67,48,9,16,69,46,0,15,23,20,67,39
Chickasaw,2012,"12,009",41,67,48,9,16,69,46,0,15,23,20,67,39
Chickasaw,2013,"12,009",41,67,48,9,16,69,46,0,15,23,20,67,39
Chickasaw,2014,"12,009",41,67,48,9,16,69,46,0,15,23,20,67,39
Chickasaw,2015,"12,009",41,67,48,9,16,69,46,0,15,23,20,67,39
Clarke,2016,"9,046",37,11,14,33,34,5,7,0,14,41,33,247,37
Clarke,2017,"9,046",37,11,14,33,34,5,7,0,14,41,33,247,37
Clarke,2018,"9,046",37,11,14,33,34,5,7,0,14,41,33,247,37
Clarke,2019,"9,046",37,11,14,33,34,5,7,0,14,41,33,247,37
Clarke,2020,"9,046",37,11,14,33,34,5,7,0,14,41,33,247,37
Clarke,2011,"8,910",203,13,18,0,13,42,39,0,13,247,204,68,76
Clarke,2012,"8,910",203,13,18,0,13,42,39,0,13,247,204,68,76
Clarke,2013,"8,910",203,13,18,0,13,42,39,0,13,247,204,68,76
Clarke,2014,"8,910",203,13,18,0,13,42,39,0,13,247,204,68,76
Clarke,2015,"8,910",203,13,18,0,13,42,39,0,13,247,204,68,76
Clay,2016,"15,425",145,19,18,16,19,110,49,0,16,149,108,419,107
Clay,2017,"15,425",145,19,18,16,19,110,49,0,16,149,108,419,107
Clay,2018,"15,425",145,19,18,16,19,110,49,0,16,149,108,419,107
Clay,2019,"15,425",145,19,18,16,19,110,49,0,16,149,108,419,107
Clay,2020,"15,425",145,19,18,16,19,110,49,0,16,149,108,419,107
Clay,2011,"15,857",128,118,105,18,22,29,29,63,62,200,171,252,121
Clay,2012,"15,857",128,118,105,18,22,29,29,63,62,200,171,252,121
Clay,2013,"15,857",128,118,105,18,22,29,29,63,62,200,171,252,121
Clay,2014,"15,857",128,118,105,18,22,29,29,63,62,200,171,252,121
Clay,2015,"15,857",128,118,105,18,22,29,29,63,62,200,171,252,121
Clayton,2016,"17,047",57,138,60,42,21,74,16,0,16,61,45,165,80
Clayton,2017,"17,047",57,138,60,42,21,74,16,0,16,61,45,165,80
Clayton,2018,"17,047",57,138,60,42,21,74,16,0,16,61,45,165,80
Clayton,2019,"17,047",57,138,60,42,21,74,16,0,16,61,45,165,80
Clayton,2020,"17,047",57,138,60,42,21,74,16,0,16,61,45,165,80
Clayton,2011,"17,384",66,166,19,9,12,56,23,0,15,12,14,179,67
Clayton,2012,"17,384",66,166,19,9,12,56,23,0,15,12,14,179,67
Clayton,2013,"17,384",66,166,19,9,12,56,23,0,15,12,14,179,67
Clayton,2014,"17,384",66,166,19,9,12,56,23,0,15,12,14,179,67
Clayton,2015,"17,384",66,166,19,9,12,56,23,0,15,12,14,179,67
Clinton,2016,"43,623",163,"1,338",202,118,98,311,87,3,4,76,51,"1,265",268
Clinton,2017,"43,623",163,"1,338",202,118,98,311,87,3,4,76,51,"1,265",268
Clinton,2018,"43,623",163,"1,338",202,118,98,311,87,3,4,76,51,"1,265",268
Clinton,2019,"43,623",163,"1,338",202,118,98,311,87,3,4,76,51,"1,265",268
Clinton,2020,"43,623",163,"1,338",202,118,98,311,87,3,4,76,51,"1,265",268
Clinton,2011,"45,280",170,"1,352",170,197,44,322,50,0,20,285,162,929,228
Clinton,2012,"45,280",170,"1,352",170,197,44,322,50,0,20,285,162,929,228
Clinton,2013,"45,280",170,"1,352",170,197,44,322,50,0,20,285,162,929,228
Clinton,2014,"45,280",170,"1,352",170,197,44,322,50,0,20,285,162,929,228
Clinton,2015,"45,280",170,"1,352",170,197,44,322,50,0,20,285,162,929,228
Crawford,2016,"13,847",732,528,65,95,63,387,27,23,31,"1,424",762,694,265
Crawford,2017,"13,847",732,528,65,95,63,387,27,23,31,"1,424",762,694,265
Crawford,2018,"13,847",732,528,65,95,63,387,27,23,31,"1,424",762,694,265
Crawford,2019,"13,847",732,528,65,95,63,387,27,23,31,"1,424",762,694,265
Crawford,2020,"13,847",732,528,65,95,63,387,27,23,31,"1,424",762,694,265
Crawford,2011,"15,790",396,209,191,148,102,54,48,31,45,616,323,404,196
Crawford,2012,"15,790",396,209,191,148,102,54,48,31,45,616,323,404,196
Crawford,2013,"15,790",396,209,191,148,102,54,48,31,45,616,323,404,196
Crawford,2014,"15,790",396,209,191,148,102,54,48,31,45,616,323,404,196
Crawford,2015,"15,790",396,209,191,148,102,54,48,31,45,616,323,404,196
Dallas,2016,"80,317",598,"1,720",246,95,89,"4,163",357,104,123,776,353,"3,243",792
Dallas,2017,"80,317",598,"1,720",246,95,89,"4,163",357,104,123,776,353,"3,243",792
Dallas,2018,"80,317",598,"1,720",246,95,89,"4,163",357,104,123,776,353,"3,243",792
Dallas,2019,"80,317",598,"1,720",246,95,89,"4,163",357,104,123,776,353,"3,243",792
Dallas,2020,"80,317",598,"1,720",246,95,89,"4,163",357,104,123,776,353,"3,243",792
Dallas,2011,"68,894",356,843,166,50,32,"2,551",166,68,71,926,355,"1,560",235
Dallas,2012,"68,894",356,843,166,50,32,"2,551",166,68,71,926,355,"1,560",235
Dallas,2013,"68,894",356,843,166,50,32,"2,551",166,68,71,926,355,"1,560",235
Dallas,2014,"68,894",356,843,166,50,32,"2,551",166,68,71,926,355,"1,560",235
Dallas,2015,"68,894",356,843,166,50,32,"2,551",166,68,71,926,355,"1,560",235
Davis,2016,"8,753",46,0,14,38,47,51,41,0,14,19,25,116,45
Davis,2017,"8,753",46,0,14,38,47,51,41,0,14,19,25,116,45
Davis,2018,"8,753",46,0,14,38,47,51,41,0,14,19,25,116,45
Davis,2019,"8,753",46,0,14,38,47,51,41,0,14,19,25,116,45
Davis,2020,"8,753",46,0,14,38,47,51,41,0,14,19,25,116,45
Davis,2011,"8,612",13,18,18,0,13,27,10,0,13,0,13,85,22
Davis,2012,"8,612",13,18,18,0,13,27,10,0,13,0,13,85,22
Davis,2013,"8,612",13,18,18,0,13,27,10,0,13,0,13,85,22
Davis,2014,"8,612",13,18,18,0,13,27,10,0,13,0,13,85,22
Davis,2015,"8,612",13,18,18,0,13,27,10,0,13,0,13,85,22
Decatur,2016,"7,451",57,96,38,0,14,75,34,14,18,34,26,238,57
Decatur,2017,"7,451",57,96,38,0,14,75,34,14,18,34,26,238,57
Decatur,2018,"7,451",57,96,38,0,14,75,34,14,18,34,26,238,57
Decatur,2019,"7,451",57,96,38,0,14,75,34,14,18,34,26,238,57
Decatur,2020,"7,451",57,96,38,0,14,75,34,14,18,34,26,238,57
Decatur,2011,"7,875",24,139,30,42,13,58,26,13,16,11,15,111,43
Decatur,2012,"7,875",24,139,30,42,13,58,26,13,16,11,15,111,43
Decatur,2013,"7,875",24,139,30,42,13,58,26,13,16,11,15,111,43
Decatur,2014,"7,875",24,139,30,42,13,58,26,13,16,11,15,111,43
Decatur,2015,"7,875",24,139,30,42,13,58,26,13,16,11,15,111,43
Delaware,2016,"16,559",133,40,47,16,17,85,58,0,16,109,92,298,88
Delaware,2017,"16,559",133,40,47,16,17,85,58,0,16,109,92,298,88
Delaware,2018,"16,559",133,40,47,16,17,85,58,0,16,109,92,298,88
Delaware,2019,"16,559",133,40,47,16,17,85,58,0,16,109,92,298,88
Delaware,2020,"16,559",133,40,47,16,17,85,58,0,16,109,92,298,88
Delaware,2011,"17,202",51,39,43,3,4,59,12,0,15,7,8,197,66
Delaware,2012,"17,202",51,39,43,3,4,59,12,0,15,7,8,197,66
Delaware,2013,"17,202",51,39,43,3,4,59,12,0,15,7,8,197,66
Delaware,2014,"17,202",51,39,43,3,4,59,12,0,15,7,8,197,66
Delaware,2015,"17,202",51,39,43,3,4,59,12,0,15,7,8,197,66
Des Moines,2016,"35,184",103,"2,375",238,44,61,363,96,2,6,132,98,"1,127",267
Des Moines,2017,"35,184",103,"2,375",238,44,61,363,96,2,6,132,98,"1,127",267
Des Moines,2018,"35,184",103,"2,375",238,44,61,363,96,2,6,132,98,"1,127",267
Des Moines,2019,"35,184",103,"2,375",238,44,61,363,96,2,6,132,98,"1,127",267
Des Moines,2020,"35,184",103,"2,375",238,44,61,363,96,2,6,132,98,"1,127",267
Des Moines,2011,"36,545",92,"2,194",192,45,54,252,69,0,20,128,75,"1,044",218
Des Moines,2012,"36,545",92,"2,194",192,45,54,252,69,0,20,128,75,"1,044",218
Des Moines,2013,"36,545",92,"2,194",192,45,54,252,69,0,20,128,75,"1,044",218
Des Moines,2014,"36,545",92,"2,194",192,45,54,252,69,0,20,128,75,"1,044",218
Des Moines,2015,"36,545",92,"2,194",192,45,54,252,69,0,20,128,75,"1,044",218
Dickinson,2016,"16,696",80,31,34,30,23,171,61,0,16,58,60,274,89
Dickinson,2017,"16,696",80,31,34,30,23,171,61,0,16,58,60,274,89
Dickinson,2018,"16,696",80,31,34,30,23,171,61,0,16,58,60,274,89
Dickinson,2019,"16,696",80,31,34,30,23,171,61,0,16,58,60,274,89
Dickinson,2020,"16,696",80,31,34,30,23,171,61,0,16,58,60,274,89
Dickinson,2011,"16,583",63,52,23,23,25,39,38,33,45,30,38,207,82
Dickinson,2012,"16,583",63,52,23,23,25,39,38,33,45,30,38,207,82
Dickinson,2013,"16,583",63,52,23,23,25,39,38,33,45,30,38,207,82
Dickinson,2014,"16,583",63,52,23,23,25,39,38,33,45,30,38,207,82
Dickinson,2015,"16,583",63,52,23,23,25,39,38,33,45,30,38,207,82
Dubuque,2016,"89,329",262,"3,042",263,231,126,"1,144",146,577,26,451,189,"2,419",317
Dubuque,2017,"89,329",262,"3,042",263,231,126,"1,144",146,577,26,451,189,"2,419",317
Dubuque,2018,"89,329",262,"3,042",263,231,126,"1,144",146,577,26,451,189,"2,419",317
Dubuque,2019,"89,329",262,"3,042",263,231,126,"1,144",146,577,26,451,189,"2,419",317
Dubuque,2020,"89,329",262,"3,042",263,231,126,"1,144",146,577,26,451,189,"2,419",317
Dubuque,2011,"89,788",218,"1,862",272,91,62,"1,273",108,300,21,210,147,"2,382",341
Dubuque,2012,"89,788",218,"1,862",272,91,62,"1,273",108,300,21,210,147,"2,382",341
Dubuque,2013,"89,788",218,"1,862",272,91,62,"1,273",108,300,21,210,147,"2,382",341
Dubuque,2014,"89,788",218,"1,862",272,91,62,"1,273",108,300,21,210,147,"2,382",341
Dubuque,2015,"89,788",218,"1,862",272,91,62,"1,273",108,300,21,210,147,"2,382",341
Emmet,2016,"8,681",169,200,66,12,25,26,32,0,14,214,139,189,114
Emmet,2017,"8,681",169,200,66,12,25,26,32,0,14,214,139,189,114
Emmet,2018,"8,681",169,200,66,12,25,26,32,0,14,214,139,189,114
Emmet,2019,"8,681",169,200,66,12,25,26,32,0,14,214,139,189,114
Emmet,2020,"8,681",169,200,66,12,25,26,32,0,14,214,139,189,114
Emmet,2011,"9,575",67,149,61,38,41,17,13,10,16,38,32,90,48
Emmet,2012,"9,575",67,149,61,38,41,17,13,10,16,38,32,90,48
Emmet,2013,"9,575",67,149,61,38,41,17,13,10,16,38,32,90,48
Emmet,2014,"9,575",67,149,61,38,41,17,13,10,16,38,32,90,48
Emmet,2015,"9,575",67,149,61,38,41,17,13,10,16,38,32,90,48
Fayette,2016,"18,595",157,299,94,26,26,87,60,1,3,29,28,567,193
Fayette,2017,"18,595",157,299,94,26,26,87,60,1,3,29,28,567,193
Fayette,2018,"18,595",157,299,94,26,26,87,60,1,3,29,28,567,193
Fayette,2019,"18,595",157,299,94,26,26,87,60,1,3,29,28,567,193
Fayette,2020,"18,595",157,299,94,26,26,87,60,1,3,29,28,567,193
Fayette,2011,"19,790",85,223,103,105,79,157,28,0,17,39,34,275,111
Fayette,2012,"19,790",85,223,103,105,79,157,28,0,17,39,34,275,111
Fayette,2013,"19,790",85,223,103,105,79,157,28,0,17,39,34,275,111
Fayette,2014,"19,790",85,223,103,105,79,157,28,0,17,39,34,275,111
Fayette,2015,"19,790",85,223,103,105,79,157,28,0,17,39,34,275,111
Floyd,2016,"14,651",150,241,96,87,95,240,15,107,93,47,40,340,181
Floyd,2017,"14,651",150,241,96,87,95,240,15,107,93,47,40,340,181
Floyd,2018,"14,651",150,241,96,87,95,240,15,107,93,47,40,340,181
Floyd,2019,"14,651",150,241,96,87,95,240,15,107,93,47,40,340,181
Floyd,2020,"14,651",150,241,96,87,95,240,15,107,93,47,40,340,181
Floyd,2011,"15,202",83,325,124,1,2,121,88,7,11,58,51,336,140
Floyd,2012,"15,202",83,325,124,1,2,121,88,7,11,58,51,336,140
Floyd,2013,"15,202",83,325,124,1,2,121,88,7,11,58,51,336,140
Floyd,2014,"15,202",83,325,124,1,2,121,88,7,11,58,51,336,140
Floyd,2015,"15,202",83,325,124,1,2,121,88,7,11,58,51,336,140
Franklin,2016,"9,688",137,133,71,5,6,0,16,0,16,18,26,247,158
Franklin,2017,"9,688",137,133,71,5,6,0,16,0,16,18,26,247,158
Franklin,2018,"9,688",137,133,71,5,6,0,16,0,16,18,26,247,158
Franklin,2019,"9,688",137,133,71,5,6,0,16,0,16,18,26,247,158
Franklin,2020,"9,688",137,133,71,5,6,0,16,0,16,18,26,247,158
Franklin,2011,"9,660",178,112,59,7,10,24,24,0,15,555,176,131,99
Franklin,2012,"9,660",178,112,59,7,10,24,24,0,15,555,176,131,99
Franklin,2013,"9,660",178,112,59,7,10,24,24,0,15,555,176,131,99
Franklin,2014,"9,660",178,112,59,7,10,24,24,0,15,555,176,131,99
Franklin,2015,"9,660",178,112,59,7,10,24,24,0,15,555,176,131,99
Fremont,2016,"6,611",57,58,40,18,13,0,14,0,14,85,55,123,57
Fremont,2017,"6,611",57,58,40,18,13,0,14,0,14,85,55,123,57
Fremont,2018,"6,611",57,58,40,18,13,0,14,0,14,85,55,123,57
Fremont,2019,"6,611",57,58,40,18,13,0,14,0,14,85,55,123,57
Fremont,2020,"6,611",57,58,40,18,13,0,14,0,14,85,55,123,57
Fremont,2011,"6,880",48,21,18,45,26,0,13,0,13,60,49,100,27
Fremont,2012,"6,880",48,21,18,45,26,0,13,0,13,60,49,100,27
Fremont,2013,"6,880",48,21,18,45,26,0,13,0,13,60,49,100,27
Fremont,2014,"6,880",48,21,18,45,26,0,13,0,13,60,49,100,27
Fremont,2015,"6,880",48,21,18,45,26,0,13,0,13,60,49,100,27
Greene,2016,"8,540",88,33,28,13,22,47,18,0,14,72,51,218,77
Greene,2017,"8,540",88,33,28,13,22,47,18,0,14,72,51,218,77
Greene,2018,"8,540",88,33,28,13,22,47,18,0,14,72,51,218,77
Greene,2019,"8,540",88,33,28,13,22,47,18,0,14,72,51,218,77
Greene,2020,"8,540",88,33,28,13,22,47,18,0,14,72,51,218,77
Greene,2011,"8,982",4,5,5,4,5,40,17,3,6,0,13,140,19
Greene,2012,"8,982",4,5,5,4,5,40,17,3,6,0,13,140,19
Greene,2013,"8,982",4,5,5,4,5,40,17,3,6,0,13,140,19
Greene,2014,"8,982",4,5,5,4,5,40,17,3,6,0,13,140,19
Greene,2015,"8,982",4,5,5,4,5,40,17,3,6,0,13,140,19
Grundy,2016,"11,992",24,85,52,9,12,40,15,0,16,0,16,136,62
Grundy,2017,"11,992",24,85,52,9,12,40,15,0,16,0,16,136,62
Grundy,2018,"11,992",24,85,52,9,12,40,15,0,16,0,16,136,62
Grundy,2019,"11,992",24,85,52,9,12,40,15,0,16,0,16,136,62
Grundy,2020,"11,992",24,85,52,9,12,40,15,0,16,0,16,136,62
Grundy,2011,"12,196",29,51,31,16,17,47,7,0,15,13,14,84,34
Grundy,2012,"12,196",29,51,31,16,17,47,7,0,15,13,14,84,34
Grundy,2013,"12,196",29,51,31,16,17,47,7,0,15,13,14,84,34
Grundy,2014,"12,196",29,51,31,16,17,47,7,0,15,13,14,84,34
Grundy,2015,"12,196",29,51,31,16,17,47,7,0,15,13,14,84,34
Guthrie,2016,"10,287",50,26,27,14,14,27,10,0,16,103,51,245,47
Guthrie,2017,"10,287",50,26,27,14,14,27,10,0,16,103,51,245,47
Guthrie,2018,"10,287",50,26,27,14,14,27,10,0,16,103,51,245,47
Guthrie,2019,"10,287",50,26,27,14,14,27,10,0,16,103,51,245,47
Guthrie,2020,"10,287",50,26,27,14,14,27,10,0,16,103,51,245,47
Guthrie,2011,"10,495",30,81,44,12,8,16,22,25,35,49,29,62,18
Guthrie,2012,"10,495",30,81,44,12,8,16,22,25,35,49,29,62,18
Guthrie,2013,"10,495",30,81,44,12,8,16,22,25,35,49,29,62,18
Guthrie,2014,"10,495",30,81,44,12,8,16,22,25,35,49,29,62,18
Guthrie,2015,"10,495",30,81,44,12,8,16,22,25,35,49,29,62,18
Hamilton,2016,"13,890",119,184,26,26,31,405,73,40,64,93,81,267,90
Hamilton,2017,"13,890",119,184,26,26,31,405,73,40,64,93,81,267,90
Hamilton,2018,"13,890",119,184,26,26,31,405,73,40,64,93,81,267,90
Hamilton,2019,"13,890",119,184,26,26,31,405,73,40,64,93,81,267,90
Hamilton,2020,"13,890",119,184,26,26,31,405,73,40,64,93,81,267,90
Hamilton,2011,"14,326",170,102,48,0,15,342,53,0,15,357,170,170,78
Hamilton,2012,"14,326",170,102,48,0,15,342,53,0,15,357,170,170,78
Hamilton,2013,"14,326",170,102,48,0,15,342,53,0,15,357,170,170,78
Hamilton,2014,"14,326",170,102,48,0,15,342,53,0,15,357,170,170,78
Hamilton,2015,"14,326",170,102,48,0,15,342,53,0,15,357,170,170,78
Hancock,2016,"10,241",82,143,62,30,18,41,42,0,16,114,68,140,64
Hancock,2017,"10,241",82,143,62,30,18,41,42,0,16,114,68,140,64
Hancock,2018,"10,241",82,143,62,30,18,41,42,0,16,114,68,140,64
Hancock,2019,"10,241",82,143,62,30,18,41,42,0,16,114,68,140,64
Hancock,2020,"10,241",82,143,62,30,18,41,42,0,16,114,68,140,64
Hancock,2011,"10,769",36,72,40,14,21,34,15,8,11,45,33,150,50
Hancock,2012,"10,769",36,72,40,14,21,34,15,8,11,45,33,150,50
Hancock,2013,"10,769",36,72,40,14,21,34,15,8,11,45,33,150,50
Hancock,2014,"10,769",36,72,40,14,21,34,15,8,11,45,33,150,50
Hancock,2015,"10,769",36,72,40,14,21,34,15,8,11,45,33,150,50
Hardin,2016,"16,007",99,225,78,102,46,64,57,19,29,113,89,394,125
Hardin,2017,"16,007",99,225,78,102,46,64,57,19,29,113,89,394,125
Hardin,2018,"16,007",99,225,78,102,46,64,57,19,29,113,89,394,125
Hardin,2019,"16,007",99,225,78,102,46,64,57,19,29,113,89,394,125
Hardin,2020,"16,007",99,225,78,102,46,64,57,19,29,113,89,394,125
Hardin,2011,"16,659",117,178,69,48,45,167,91,0,15,171,106,170,92
Hardin,2012,"16,659",117,178,69,48,45,167,91,0,15,171,106,170,92
Hardin,2013,"16,659",117,178,69,48,45,167,91,0,15,171,106,170,92
Hardin,2014,"16,659",117,178,69,48,45,167,91,0,15,171,106,170,92
Hardin,2015,"16,659",117,178,69,48,45,167,91,0,15,171,106,170,92
Harrison,2016,"13,666",37,41,32,34,29,37,24,19,24,16,15,230,59
Harrison,2017,"13,666",37,41,32,34,29,37,24,19,24,16,15,230,59
Harrison,2018,"13,666",37,41,32,34,29,37,24,19,24,16,15,230,59
Harrison,2019,"13,666",37,41,32,34,29,37,24,19,24,16,15,230,59
Harrison,2020,"13,666",37,41,32,34,29,37,24,19,24,16,15,230,59
Harrison,2011,"14,125",38,8,9,58,25,39,8,4,6,34,25,199,41
Harrison,2012,"14,125",38,8,9,58,25,39,8,4,6,34,25,199,41
Harrison,2013,"14,125",38,8,9,58,25,39,8,4,6,34,25,199,41
Harrison,2014,"14,125",38,8,9,58,25,39,8,4,6,34,25,199,41
Harrison,2015,"14,125",38,8,9,58,25,39,8,4,6,34,25,199,41
Henry,2016,"18,091",176,446,62,68,65,545,71,9,13,156,101,574,160
Henry,2017,"18,091",176,446,62,68,65,545,71,9,13,156,101,574,160
Henry,2018,"18,091",176,446,62,68,65,545,71,9,13,156,101,574,160
Henry,2019,"18,091",176,446,62,68,65,545,71,9,13,156,101,574,160
Henry,2020,"18,091",176,446,62,68,65,545,71,9,13,156,101,574,160
Henry,2011,"18,471",185,478,87,56,26,437,109,0,15,239,179,399,138
Henry,2012,"18,471",185,478,87,56,26,437,109,0,15,239,179,399,138
Henry,2013,"18,471",185,478,87,56,26,437,109,0,15,239,179,399,138
Henry,2014,"18,471",185,478,87,56,26,437,109,0,15,239,179,399,138
Henry,2015,"18,471",185,478,87,56,26,437,109,0,15,239,179,399,138
Howard,2016,"8,965",61,33,20,1,2,48,36,2,4,1,3,151,70
Howard,2017,"8,965",61,33,20,1,2,48,36,2,4,1,3,151,70
Howard,2018,"8,965",61,33,20,1,2,48,36,2,4,1,3,151,70
Howard,2019,"8,965",61,33,20,1,2,48,36,2,4,1,3,151,70
Howard,2020,"8,965",61,33,20,1,2,48,36,2,4,1,3,151,70
Howard,2011,"9,328",2,31,38,1,3,21,26,0,13,10,13,103,52
Howard,2012,"9,328",2,31,38,1,3,21,26,0,13,10,13,103,52
Howard,2013,"9,328",2,31,38,1,3,21,26,0,13,10,13,103,52
Howard,2014,"9,328",2,31,38,1,3,21,26,0,13,10,13,103,52
Howard,2015,"9,328",2,31,38,1,3,21,26,0,13,10,13,103,52
Humboldt,2016,"9,146",76,26,21,13,22,79,59,0,14,50,40,204,89
Humboldt,2017,"9,146",76,26,21,13,22,79,59,0,14,50,40,204,89
Humboldt,2018,"9,146",76,26,21,13,22,79,59,0,14,50,40,204,89
Humboldt,2019,"9,146",76,26,21,13,22,79,59,0,14,50,40,204,89
Humboldt,2020,"9,146",76,26,21,13,22,79,59,0,14,50,40,204,89
Humboldt,2011,"9,477",28,13,13,7,9,23,18,0,13,20,29,134,27
Humboldt,2012,"9,477",28,13,13,7,9,23,18,0,13,20,29,134,27
Humboldt,2013,"9,477",28,13,13,7,9,23,18,0,13,20,29,134,27
Humboldt,2014,"9,477",28,13,13,7,9,23,18,0,13,20,29,134,27
Humboldt,2015,"9,477",28,13,13,7,9,23,18,0,13,20,29,134,27
Ida,2016,"6,634",40,114,32,5,7,5,8,0,14,44,33,60,30
Ida,2017,"6,634",40,114,32,5,7,5,8,0,14,44,33,60,30
Ida,2018,"6,634",40,114,32,5,7,5,8,0,14,44,33,60,30
Ida,2019,"6,634",40,114,32,5,7,5,8,0,14,44,33,60,30
Ida,2020,"6,634",40,114,32,5,7,5,8,0,14,44,33,60,30
Ida,2011,"6,913",26,39,40,34,32,24,11,0,13,20,21,41,29
Ida,2012,"6,913",26,39,40,34,32,24,11,0,13,20,21,41,29
Ida,2013,"6,913",26,39,40,34,32,24,11,0,13,20,21,41,29
Ida,2014,"6,913",26,39,40,34,32,24,11,0,13,20,21,41,29
Ida,2015,"6,913",26,39,40,34,32,24,11,0,13,20,21,41,29
Iowa,2016,"15,508",171,89,66,4,10,61,52,0,16,56,51,437,181
Iowa,2017,"15,508",171,89,66,4,10,61,52,0,16,56,51,437,181
Iowa,2018,"15,508",171,89,66,4,10,61,52,0,16,56,51,437,181
Iowa,2019,"15,508",171,89,66,4,10,61,52,0,16,56,51,437,181
Iowa,2020,"15,508",171,89,66,4,10,61,52,0,16,56,51,437,181
Iowa,2011,"16,010",60,137,51,7,9,31,35,11,17,23,33,125,56
Iowa,2012,"16,010",60,137,51,7,9,31,35,11,17,23,33,125,56
Iowa,2013,"16,010",60,137,51,7,9,31,35,11,17,23,33,125,56
Iowa,2014,"16,010",60,137,51,7,9,31,35,11,17,23,33,125,56
Iowa,2015,"16,010",60,137,51,7,9,31,35,11,17,23,33,125,56
Jackson,2016,"18,675",52,138,106,3,5,82,26,106,150,43,50,301,149
Jackson,2017,"18,675",52,138,106,3,5,82,26,106,150,43,50,301,149
Jackson,2018,"18,675",52,138,106,3,5,82,26,106,150,43,50,301,149
Jackson,2019,"18,675",52,138,106,3,5,82,26,106,150,43,50,301,149
Jackson,2020,"18,675",52,138,106,3,5,82,26,106,150,43,50,301,149
Jackson,2011,"19,044",16,35,33,13,14,79,28,117,6,10,12,274,47
Jackson,2012,"19,044",16,35,33,13,14,79,28,117,6,10,12,274,47
Jackson,2013,"19,044",16,35,33,13,14,79,28,117,6,10,12,274,47
Jackson,2014,"19,044",16,35,33,13,14,79,28,117,6,10,12,274,47
Jackson,2015,"19,044",16,35,33,13,14,79,28,117,6,10,12,274,47
Jasper,2016,"35,237",105,555,163,86,40,211,84,0,21,99,57,844,219
Jasper,2017,"35,237",105,555,163,86,40,211,84,0,21,99,57,844,219
Jasper,2018,"35,237",105,555,163,86,40,211,84,0,21,99,57,844,219
Jasper,2019,"35,237",105,555,163,86,40,211,84,0,21,99,57,844,219
Jasper,2020,"35,237",105,555,163,86,40,211,84,0,21,99,57,844,219
Jasper,2011,"35,318",102,542,89,106,63,211,77,14,17,51,47,484,163
Jasper,2012,"35,318",102,542,89,106,63,211,77,14,17,51,47,484,163
Jasper,2013,"35,318",102,542,89,106,63,211,77,14,17,51,47,484,163
Jasper,2014,"35,318",102,542,89,106,63,211,77,14,17,51,47,484,163
Jasper,2015,"35,318",102,542,89,106,63,211,77,14,17,51,47,484,163
Jefferson,2016,"15,206",54,432,130,8,17,"2,037",316,0,16,103,67,367,353
Jefferson,2017,"15,206",54,432,130,8,17,"2,037",316,0,16,103,67,367,353
Jefferson,2018,"15,206",54,432,130,8,17,"2,037",316,0,16,103,67,367,353
Jefferson,2019,"15,206",54,432,130,8,17,"2,037",316,0,16,103,67,367,353
Jefferson,2020,"15,206",54,432,130,8,17,"2,037",316,0,16,103,67,367,353
Jefferson,2011,"14,744",189,246,110,14,23,"1,372",296,0,15,367,252,575,302
Jefferson,2012,"14,744",189,246,110,14,23,"1,372",296,0,15,367,252,575,302
Jefferson,2013,"14,744",189,246,110,14,23,"1,372",296,0,15,367,252,575,302
Jefferson,2014,"14,744",189,246,110,14,23,"1,372",296,0,15,367,252,575,302
Jefferson,2015,"14,744",189,246,110,14,23,"1,372",296,0,15,367,252,575,302
Johnson,2016,"121,694",739,"11,509",584,271,97,"9,346",440,74,42,"2,510",553,"5,415",693
Johnson,2017,"121,694",739,"11,509",584,271,97,"9,346",440,74,42,"2,510",553,"5,415",693
Johnson,2018,"121,694",739,"11,509",584,271,97,"9,346",440,74,42,"2,510",553,"5,415",693
Johnson,2019,"121,694",739,"11,509",584,271,97,"9,346",440,74,42,"2,510",553,"5,415",693
Johnson,2020,"121,694",739,"11,509",584,271,97,"9,346",440,74,42,"2,510",553,"5,415",693
Johnson,2011,"117,331",613,"7,596",319,309,144,"8,327",275,202,176,"2,717",681,"2,954",473
Johnson,2012,"117,331",613,"7,596",319,309,144,"8,327",275,202,176,"2,717",681,"2,954",473
Johnson,2013,"117,331",613,"7,596",319,309,144,"8,327",275,202,176,"2,717",681,"2,954",473
Johnson,2014,"117,331",613,"7,596",319,309,144,"8,327",275,202,176,"2,717",681,"2,954",473
Johnson,2015,"117,331",613,"7,596",319,309,144,"8,327",275,202,176,"2,717",681,"2,954",473
Jones,2016,"19,442",167,453,178,37,31,183,192,0,18,0,18,460,196
Jones,2017,"19,442",167,453,178,37,31,183,192,0,18,0,18,460,196
Jones,2018,"19,442",167,453,178,37,31,183,192,0,18,0,18,460,196
Jones,2019,"19,442",167,453,178,37,31,183,192,0,18,0,18,460,196
Jones,2020,"19,442",167,453,178,37,31,183,192,0,18,0,18,460,196
Jones,2011,"19,658",72,394,85,176,97,84,27,0,17,75,62,173,111
Jones,2012,"19,658",72,394,85,176,97,84,27,0,17,75,62,173,111
Jones,2013,"19,658",72,394,85,176,97,84,27,0,17,75,62,173,111
Jones,2014,"19,658",72,394,85,176,97,84,27,0,17,75,62,173,111
Jones,2015,"19,658",72,394,85,176,97,84,27,0,17,75,62,173,111
Keokuk,2016,"9,882",35,40,25,9,9,12,13,2,3,77,32,141,25
Keokuk,2017,"9,882",35,40,25,9,9,12,13,2,3,77,32,141,25
Keokuk,2018,"9,882",35,40,25,9,9,12,13,2,3,77,32,141,25
Keokuk,2019,"9,882",35,40,25,9,9,12,13,2,3,77,32,141,25
Keokuk,2020,"9,882",35,40,25,9,9,12,13,2,3,77,32,141,25
Keokuk,2011,"10,066",33,0,15,27,28,22,19,1,3,49,32,126,41
Keokuk,2012,"10,066",33,0,15,27,28,22,19,1,3,49,32,126,41
Keokuk,2013,"10,066",33,0,15,27,28,22,19,1,3,49,32,126,41
Keokuk,2014,"10,066",33,0,15,27,28,22,19,1,3,49,32,126,41
Keokuk,2015,"10,066",33,0,15,27,28,22,19,1,3,49,32,126,41
Kossuth,2016,"14,308",72,174,44,23,13,89,21,1,3,67,45,202,81
Kossuth,2017,"14,308",72,174,44,23,13,89,21,1,3,67,45,202,81
Kossuth,2018,"14,308",72,174,44,23,13,89,21,1,3,67,45,202,81
Kossuth,2019,"14,308",72,174,44,23,13,89,21,1,3,67,45,202,81
Kossuth,2020,"14,308",72,174,44,23,13,89,21,1,3,67,45,202,81
Kossuth,2011,"14,925",42,57,33,13,11,60,16,0,15,54,36,171,43
Kossuth,2012,"14,925",42,57,33,13,11,60,16,0,15,54,36,171,43
Kossuth,2013,"14,925",42,57,33,13,11,60,16,0,15,54,36,171,43
Kossuth,2014,"14,925",42,57,33,13,11,60,16,0,15,54,36,171,43
Kossuth,2015,"14,925",42,57,33,13,11,60,16,0,15,54,36,171,43
Lee,2016,"31,637",141,"1,015",128,92,42,216,88,6,9,141,88,839,194
Lee,2017,"31,637",141,"1,015",128,92,42,216,88,6,9,141,88,839,194
Lee,2018,"31,637",141,"1,015",128,92,42,216,88,6,9,141,88,839,194
Lee,2019,"31,637",141,"1,015",128,92,42,216,88,6,9,141,88,839,194
Lee,2020,"31,637",141,"1,015",128,92,42,216,88,6,9,141,88,839,194
Lee,2011,"33,033",139,"1,068",122,35,40,180,59,0,20,204,123,849,164
Lee,2012,"33,033",139,"1,068",122,35,40,180,59,0,20,204,123,849,164
Lee,2013,"33,033",139,"1,068",122,35,40,180,59,0,20,204,123,849,164
Lee,2014,"33,033",139,"1,068",122,35,40,180,59,0,20,204,123,849,164
Lee,2015,"33,033",139,"1,068",122,35,40,180,59,0,20,204,123,849,164
Linn,2016,"197,384",693,"12,595",790,429,236,"5,114",353,352,41,"1,429",519,"8,298",930
Linn,2017,"197,384",693,"12,595",790,429,236,"5,114",353,352,41,"1,429",519,"8,298",930
Linn,2018,"197,384",693,"12,595",790,429,236,"5,114",353,352,41,"1,429",519,"8,298",930
Linn,2019,"197,384",693,"12,595",790,429,236,"5,114",353,352,41,"1,429",519,"8,298",930
Linn,2020,"197,384",693,"12,595",790,429,236,"5,114",353,352,41,"1,429",519,"8,298",930
Linn,2011,"194,427",477,"9,147",560,527,164,"4,303",351,33,30,"2,034",499,"6,169",837
Linn,2012,"194,427",477,"9,147",560,527,164,"4,303",351,33,30,"2,034",499,"6,169",837
Linn,2013,"194,427",477,"9,147",560,527,164,"4,303",351,33,30,"2,034",499,"6,169",837
Linn,2014,"194,427",477,"9,147",560,527,164,"4,303",351,33,30,"2,034",499,"6,169",837
Linn,2015,"194,427",477,"9,147",560,527,164,"4,303",351,33,30,"2,034",499,"6,169",837
Louisa,2016,"9,739",172,134,28,26,22,389,89,0,16,612,167,225,115
Louisa,2017,"9,739",172,134,28,26,22,389,89,0,16,612,167,225,115
Louisa,2018,"9,739",172,134,28,26,22,389,89,0,16,612,167,225,115
Louisa,2019,"9,739",172,134,28,26,22,389,89,0,16,612,167,225,115
Louisa,2020,"9,739",172,134,28,26,22,389,89,0,16,612,167,225,115
Louisa,2011,"10,398",130,103,36,26,27,286,33,11,14,380,133,67,40
Louisa,2012,"10,398",130,103,36,26,27,286,33,11,14,380,133,67,40
Louisa,2013,"10,398",130,103,36,26,27,286,33,11,14,380,133,67,40
Louisa,2014,"10,398",130,103,36,26,27,286,33,11,14,380,133,67,40
Louisa,2015,"10,398",130,103,36,26,27,286,33,11,14,380,133,67,40
Lucas,2016,"8,398",69,24,28,4,6,0,14,0,14,23,36,107,61
Lucas,2017,"8,398",69,24,28,4,6,0,14,0,14,23,36,107,61
Lucas,2018,"8,398",69,24,28,4,6,0,14,0,14,23,36,107,61
Lucas,2019,"8,398",69,24,28,4,6,0,14,0,14,23,36,107,61
Lucas,2020,"8,398",69,24,28,4,6,0,14,0,14,23,36,107,61
Lucas,2011,"8,535",27,20,21,22,26,30,42,0,13,0,13,124,51
Lucas,2012,"8,535",27,20,21,22,26,30,42,0,13,0,13,124,51
Lucas,2013,"8,535",27,20,21,22,26,30,42,0,13,0,13,124,51
Lucas,2014,"8,535",27,20,21,22,26,30,42,0,13,0,13,124,51
Lucas,2015,"8,535",27,20,21,22,26,30,42,0,13,0,13,124,51
Lyon,2016,"11,340",59,12,11,40,27,47,12,33,27,124,54,204,67
Lyon,2017,"11,340",59,12,11,40,27,47,12,33,27,124,54,204,67
Lyon,2018,"11,340",59,12,11,40,27,47,12,33,27,124,54,204,67
Lyon,2019,"11,340",59,12,11,40,27,47,12,33,27,124,54,204,67
Lyon,2020,"11,340",59,12,11,40,27,47,12,33,27,124,54,204,67
Lyon,2011,"11,410",41,7,8,67,48,38,17,2,4,96,51,103,32
Lyon,2012,"11,410",41,7,8,67,48,38,17,2,4,96,51,103,32
Lyon,2013,"11,410",41,7,8,67,48,38,17,2,4,96,51,103,32
Lyon,2014,"11,410",41,7,8,67,48,38,17,2,4,96,51,103,32
Lyon,2015,"11,410",41,7,8,67,48,38,17,2,4,96,51,103,32
Madison,2016,"15,656",46,90,52,35,43,157,68,0,16,7,12,203,93
Madison,2017,"15,656",46,90,52,35,43,157,68,0,16,7,12,203,93
Madison,2018,"15,656",46,90,52,35,43,157,68,0,16,7,12,203,93
Madison,2019,"15,656",46,90,52,35,43,157,68,0,16,7,12,203,93
Madison,2020,"15,656",46,90,52,35,43,157,68,0,16,7,12,203,93
Madison,2011,"15,242",65,91,38,13,15,157,48,11,15,32,40,98,59
Madison,2012,"15,242",65,91,38,13,15,157,48,11,15,32,40,98,59
Madison,2013,"15,242",65,91,38,13,15,157,48,11,15,32,40,98,59
Madison,2014,"15,242",65,91,38,13,15,157,48,11,15,32,40,98,59
Madison,2015,"15,242",65,91,38,13,15,157,48,11,15,32,40,98,59
Mahaska,2016,"21,069",93,356,95,28,24,287,84,50,66,126,94,435,104
Mahaska,2017,"21,069",93,356,95,28,24,287,84,50,66,126,94,435,104
Mahaska,2018,"21,069",93,356,95,28,24,287,84,50,66,126,94,435,104
Mahaska,2019,"21,069",93,356,95,28,24,287,84,50,66,126,94,435,104
Mahaska,2020,"21,069",93,356,95,28,24,287,84,50,66,126,94,435,104
Mahaska,2011,"21,380",87,310,53,47,39,254,47,8,15,98,66,299,90
Mahaska,2012,"21,380",87,310,53,47,39,254,47,8,15,98,66,299,90
Mahaska,2013,"21,380",87,310,53,47,39,254,47,8,15,98,66,299,90
Mahaska,2014,"21,380",87,310,53,47,39,254,47,8,15,98,66,299,90
Mahaska,2015,"21,380",87,310,53,47,39,254,47,8,15,98,66,299,90
Marion,2016,"31,719",140,350,75,59,22,343,97,11,18,127,92,584,153
Marion,2017,"31,719",140,350,75,59,22,343,97,11,18,127,92,584,153
Marion,2018,"31,719",140,350,75,59,22,343,97,11,18,127,92,584,153
Marion,2019,"31,719",140,350,75,59,22,343,97,11,18,127,92,584,153
Marion,2020,"31,719",140,350,75,59,22,343,97,11,18,127,92,584,153
Marion,2011,"32,015",118,182,59,58,51,348,112,0,20,139,97,506,126
Marion,2012,"32,015",118,182,59,58,51,348,112,0,20,139,97,506,126
Marion,2013,"32,015",118,182,59,58,51,348,112,0,20,139,97,506,126
Marion,2014,"32,015",118,182,59,58,51,348,112,0,20,139,97,506,126
Marion,2015,"32,015",118,182,59,58,51,348,112,0,20,139,97,506,126
Marshall,2016,"33,619",741,482,198,87,71,"1,475",88,15,21,"2,437",725,"1,689",529
Marshall,2017,"33,619",741,482,198,87,71,"1,475",88,15,21,"2,437",725,"1,689",529
Marshall,2018,"33,619",741,482,198,87,71,"1,475",88,15,21,"2,437",725,"1,689",529
Marshall,2019,"33,619",741,482,198,87,71,"1,475",88,15,21,"2,437",725,"1,689",529
Marshall,2020,"33,619",741,482,198,87,71,"1,475",88,15,21,"2,437",725,"1,689",529
Marshall,2011,"34,575",680,709,171,145,91,"1,183",60,0,20,"3,666",689,684,289
Marshall,2012,"34,575",680,709,171,145,91,"1,183",60,0,20,"3,666",689,684,289
Marshall,2013,"34,575",680,709,171,145,91,"1,183",60,0,20,"3,666",689,684,289
Marshall,2014,"34,575",680,709,171,145,91,"1,183",60,0,20,"3,666",689,684,289
Marshall,2015,"34,575",680,709,171,145,91,"1,183",60,0,20,"3,666",689,684,289
Mills,2016,"14,483",79,72,53,86,52,58,20,0,16,101,64,223,52
Mills,2017,"14,483",79,72,53,86,52,58,20,0,16,101,64,223,52
Mills,2018,"14,483",79,72,53,86,52,58,20,0,16,101,64,223,52
Mills,2019,"14,483",79,72,53,86,52,58,20,0,16,101,64,223,52
Mills,2020,"14,483",79,72,53,86,52,58,20,0,16,101,64,223,52
Mills,2011,"14,496",9,107,32,61,61,12,13,0,15,6,9,180,64
Mills,2012,"14,496",9,107,32,61,61,12,13,0,15,6,9,180,64
Mills,2013,"14,496",9,107,32,61,61,12,13,0,15,6,9,180,64
Mills,2014,"14,496",9,107,32,61,61,12,13,0,15,6,9,180,64
Mills,2015,"14,496",9,107,32,61,61,12,13,0,15,6,9,180,64
Mitchell,2016,"10,362",26,47,32,28,28,44,23,0,16,22,20,85,46
Mitchell,2017,"10,362",26,47,32,28,28,44,23,0,16,22,20,85,46
Mitchell,2018,"10,362",26,47,32,28,28,44,23,0,16,22,20,85,46
Mitchell,2019,"10,362",26,47,32,28,28,44,23,0,16,22,20,85,46
Mitchell,2020,"10,362",26,47,32,28,28,44,23,0,16,22,20,85,46
Mitchell,2011,"10,633",77,15,18,2,4,10,8,0,15,12,12,90,82
Mitchell,2012,"10,633",77,15,18,2,4,10,8,0,15,12,12,90,82
Mitchell,2013,"10,633",77,15,18,2,4,10,8,0,15,12,12,90,82
Mitchell,2014,"10,633",77,15,18,2,4,10,8,0,15,12,12,90,82
Mitchell,2015,"10,633",77,15,18,2,4,10,8,0,15,12,12,90,82
Monona,2016,"8,314",21,28,36,111,88,0,14,36,55,5,7,181,89
Monona,2017,"8,314",21,28,36,111,88,0,14,36,55,5,7,181,89
Monona,2018,"8,314",21,28,36,111,88,0,14,36,55,5,7,181,89
Monona,2019,"8,314",21,28,36,111,88,0,14,36,55,5,7,181,89
Monona,2020,"8,314",21,28,36,111,88,0,14,36,55,5,7,181,89
Monona,2011,"8,826",7,49,62,117,103,11,17,0,13,6,7,79,55
Monona,2012,"8,826",7,49,62,117,103,11,17,0,13,6,7,79,55
Monona,2013,"8,826",7,49,62,117,103,11,17,0,13,6,7,79,55
Monona,2014,"8,826",7,49,62,117,103,11,17,0,13,6,7,79,55
Monona,2015,"8,826",7,49,62,117,103,11,17,0,13,6,7,79,55
Monroe,2016,"7,476",98,2,4,0,14,22,31,0,14,1,2,260,87
Monroe,2017,"7,476",98,2,4,0,14,22,31,0,14,1,2,260,87
Monroe,2018,"7,476",98,2,4,0,14,22,31,0,14,1,2,260,87
Monroe,2019,"7,476",98,2,4,0,14,22,31,0,14,1,2,260,87
Monroe,2020,"7,476",98,2,4,0,14,22,31,0,14,1,2,260,87
Monroe,2011,"7,587",113,11,11,2,4,45,69,0,13,129,128,228,124
Monroe,2012,"7,587",113,11,11,2,4,45,69,0,13,129,128,228,124
Monroe,2013,"7,587",113,11,11,2,4,45,69,0,13,129,128,228,124
Monroe,2014,"7,587",113,11,11,2,4,45,69,0,13,129,128,228,124
Monroe,2015,"7,587",113,11,11,2,4,45,69,0,13,129,128,228,124
Montgomery,2016,"9,615",105,15,27,116,104,9,15,0,16,29,37,232,62
Montgomery,2017,"9,615",105,15,27,116,104,9,15,0,16,29,37,232,62
Montgomery,2018,"9,615",105,15,27,116,104,9,15,0,16,29,37,232,62
Montgomery,2019,"9,615",105,15,27,116,104,9,15,0,16,29,37,232,62
Montgomery,2020,"9,615",105,15,27,116,104,9,15,0,16,29,37,232,62
Montgomery,2011,"10,032",85,0,15,19,26,3,7,0,15,136,83,275,78
Montgomery,2012,"10,032",85,0,15,19,26,3,7,0,15,136,83,275,78
Montgomery,2013,"10,032",85,0,15,19,26,3,7,0,15,136,83,275,78
Montgomery,2014,"10,032",85,0,15,19,26,3,7,0,15,136,83,275,78
Montgomery,2015,"10,032",85,0,15,19,26,3,7,0,15,136,83,275,78
Muscatine,2016,"37,967",425,"1,011",149,109,90,379,65,12,23,"1,576",364,"1,649",316
Muscatine,2017,"37,967",425,"1,011",149,109,90,379,65,12,23,"1,576",364,"1,649",316
Muscatine,2018,"37,967",425,"1,011",149,109,90,379,65,12,23,"1,576",364,"1,649",316
Muscatine,2019,"37,967",425,"1,011",149,109,90,379,65,12,23,"1,576",364,"1,649",316
Muscatine,2020,"37,967",425,"1,011",149,109,90,379,65,12,23,"1,576",364,"1,649",316
Muscatine,2011,"39,454",487,664,161,104,88,533,24,25,38,"1,028",408,"1,105",431
Muscatine,2012,"39,454",487,664,161,104,88,533,24,25,38,"1,028",408,"1,105",431
Muscatine,2013,"39,454",487,664,161,104,88,533,24,25,38,"1,028",408,"1,105",431
Muscatine,2014,"39,454",487,664,161,104,88,533,24,25,38,"1,028",408,"1,105",431
Muscatine,2015,"39,454",487,664,161,104,88,533,24,25,38,"1,028",408,"1,105",431
O'Brien,2016,"13,034",147,245,53,29,27,114,16,4,7,167,100,203,97
O'Brien,2017,"13,034",147,245,53,29,27,114,16,4,7,167,100,203,97
O'Brien,2018,"13,034",147,245,53,29,27,114,16,4,7,167,100,203,97
O'Brien,2019,"13,034",147,245,53,29,27,114,16,4,7,167,100,203,97
O'Brien,2020,"13,034",147,245,53,29,27,114,16,4,7,167,100,203,97
O'Brien,2011,"13,359",73,72,36,29,24,119,19,2,5,337,108,174,86
O'Brien,2012,"13,359",73,72,36,29,24,119,19,2,5,337,108,174,86
O'Brien,2013,"13,359",73,72,36,29,24,119,19,2,5,337,108,174,86
O'Brien,2014,"13,359",73,72,36,29,24,119,19,2,5,337,108,174,86
O'Brien,2015,"13,359",73,72,36,29,24,119,19,2,5,337,108,174,86
Osceola,2016,"5,608",83,55,27,13,11,26,22,3,4,96,67,215,80
Osceola,2017,"5,608",83,55,27,13,11,26,22,3,4,96,67,215,80
Osceola,2018,"5,608",83,55,27,13,11,26,22,3,4,96,67,215,80
Osceola,2019,"5,608",83,55,27,13,11,26,22,3,4,96,67,215,80
Osceola,2020,"5,608",83,55,27,13,11,26,22,3,4,96,67,215,80
Osceola,2011,"5,933",107,25,9,22,21,16,23,0,13,165,107,50,27
Osceola,2012,"5,933",107,25,9,22,21,16,23,0,13,165,107,50,27
Osceola,2013,"5,933",107,25,9,22,21,16,23,0,13,165,107,50,27
Osceola,2014,"5,933",107,25,9,22,21,16,23,0,13,165,107,50,27
Osceola,2015,"5,933",107,25,9,22,21,16,23,0,13,165,107,50,27
Page,2016,"14,189",99,340,107,52,31,160,19,26,30,51,68,387,116
Page,2017,"14,189",99,340,107,52,31,160,19,26,30,51,68,387,116
Page,2018,"14,189",99,340,107,52,31,160,19,26,30,51,68,387,116
Page,2019,"14,189",99,340,107,52,31,160,19,26,30,51,68,387,116
Page,2020,"14,189",99,340,107,52,31,160,19,26,30,51,68,387,116
Page,2011,"14,804",35,331,137,61,38,183,20,0,15,27,28,254,136
Page,2012,"14,804",35,331,137,61,38,183,20,0,15,27,28,254,136
Page,2013,"14,804",35,331,137,61,38,183,20,0,15,27,28,254,136
Page,2014,"14,804",35,331,137,61,38,183,20,0,15,27,28,254,136
Page,2015,"14,804",35,331,137,61,38,183,20,0,15,27,28,254,136
Palo Alto,2016,"8,439",105,134,75,32,42,13,14,0,14,31,29,292,116
Palo Alto,2017,"8,439",105,134,75,32,42,13,14,0,14,31,29,292,116
Palo Alto,2018,"8,439",105,134,75,32,42,13,14,0,14,31,29,292,116
Palo Alto,2019,"8,439",105,134,75,32,42,13,14,0,14,31,29,292,116
Palo Alto,2020,"8,439",105,134,75,32,42,13,14,0,14,31,29,292,116
Palo Alto,2011,"8,950",37,116,63,8,9,37,36,0,13,10,15,87,52
Palo Alto,2012,"8,950",37,116,63,8,9,37,36,0,13,10,15,87,52
Palo Alto,2013,"8,950",37,116,63,8,9,37,36,0,13,10,15,87,52
Palo Alto,2014,"8,950",37,116,63,8,9,37,36,0,13,10,15,87,52
Palo Alto,2015,"8,950",37,116,63,8,9,37,36,0,13,10,15,87,52
Plymouth,2016,"23,761",221,383,69,135,39,171,55,0,18,470,231,221,115
Plymouth,2017,"23,761",221,383,69,135,39,171,55,0,18,470,231,221,115
Plymouth,2018,"23,761",221,383,69,135,39,171,55,0,18,470,231,221,115
Plymouth,2019,"23,761",221,383,69,135,39,171,55,0,18,470,231,221,115
Plymouth,2020,"23,761",221,383,69,135,39,171,55,0,18,470,231,221,115
Plymouth,2011,"24,060",188,126,74,26,42,85,39,75,98,237,186,244,115
Plymouth,2012,"24,060",188,126,74,26,42,85,39,75,98,237,186,244,115
Plymouth,2013,"24,060",188,126,74,26,42,85,39,75,98,237,186,244,115
Plymouth,2014,"24,060",188,126,74,26,42,85,39,75,98,237,186,244,115
Plymouth,2015,"24,060",188,126,74,26,42,85,39,75,98,237,186,244,115
Pocahontas,2016,"6,455",36,28,34,11,21,54,62,32,45,43,33,102,66
Pocahontas,2017,"6,455",36,28,34,11,21,54,62,32,45,43,33,102,66
Pocahontas,2018,"6,455",36,28,34,11,21,54,62,32,45,43,33,102,66
Pocahontas,2019,"6,455",36,28,34,11,21,54,62,32,45,43,33,102,66
Pocahontas,2020,"6,455",36,28,34,11,21,54,62,32,45,43,33,102,66
Pocahontas,2011,"6,878",48,97,40,4,7,9,9,8,10,41,35,90,41
Pocahontas,2012,"6,878",48,97,40,4,7,9,9,8,10,41,35,90,41
Pocahontas,2013,"6,878",48,97,40,4,7,9,9,8,10,41,35,90,41
Pocahontas,2014,"6,878",48,97,40,4,7,9,9,8,10,41,35,90,41
Pocahontas,2015,"6,878",48,97,40,4,7,9,9,8,10,41,35,90,41
Polk,2016,"400,882","1,384","33,808","1,084","1,180",271,"23,235",598,417,88,"8,538","1,089","17,358","1,412"
Polk,2017,"400,882","1,384","33,808","1,084","1,180",271,"23,235",598,417,88,"8,538","1,089","17,358","1,412"
Polk,2018,"400,882","1,384","33,808","1,084","1,180",271,"23,235",598,417,88,"8,538","1,089","17,358","1,412"
Polk,2019,"400,882","1,384","33,808","1,084","1,180",271,"23,235",598,417,88,"8,538","1,089","17,358","1,412"
Polk,2020,"400,882","1,384","33,808","1,084","1,180",271,"23,235",598,417,88,"8,538","1,089","17,358","1,412"
Polk,2011,"386,251","1,341","28,241",776,"1,203",453,"17,835",456,307,56,"6,814","1,108","11,718","1,112"
Polk,2012,"386,251","1,341","28,241",776,"1,203",453,"17,835",456,307,56,"6,814","1,108","11,718","1,112"
Polk,2013,"386,251","1,341","28,241",776,"1,203",453,"17,835",456,307,56,"6,814","1,108","11,718","1,112"
Polk,2014,"386,251","1,341","28,241",776,"1,203",453,"17,835",456,307,56,"6,814","1,108","11,718","1,112"
Polk,2015,"386,251","1,341","28,241",776,"1,203",453,"17,835",456,307,56,"6,814","1,108","11,718","1,112"
Pottawattamie,2016,"86,673",563,"1,561",246,365,117,723,228,11,20,"1,564",519,"2,581",465
Pottawattamie,2017,"86,673",563,"1,561",246,365,117,723,228,11,20,"1,564",519,"2,581",465
Pottawattamie,2018,"86,673",563,"1,561",246,365,117,723,228,11,20,"1,564",519,"2,581",465
Pottawattamie,2019,"86,673",563,"1,561",246,365,117,723,228,11,20,"1,564",519,"2,581",465
Pottawattamie,2020,"86,673",563,"1,561",246,365,117,723,228,11,20,"1,564",519,"2,581",465
Pottawattamie,2011,"88,038",383,"1,200",186,291,105,574,148,6,9,"1,160",358,"1,944",273
Pottawattamie,2012,"88,038",383,"1,200",186,291,105,574,148,6,9,"1,160",358,"1,944",273
Pottawattamie,2013,"88,038",383,"1,200",186,291,105,574,148,6,9,"1,160",358,"1,944",273
Pottawattamie,2014,"88,038",383,"1,200",186,291,105,574,148,6,9,"1,160",358,"1,944",273
Pottawattamie,2015,"88,038",383,"1,200",186,291,105,574,148,6,9,"1,160",358,"1,944",273
Poweshiek,2016,"17,162",97,245,86,2,6,423,34,0,16,100,60,459,112
Poweshiek,2017,"17,162",97,245,86,2,6,423,34,0,16,100,60,459,112
Poweshiek,2018,"17,162",97,245,86,2,6,423,34,0,16,100,60,459,112
Poweshiek,2019,"17,162",97,245,86,2,6,423,34,0,16,100,60,459,112
Poweshiek,2020,"17,162",97,245,86,2,6,423,34,0,16,100,60,459,112
Poweshiek,2011,"17,738",61,217,40,24,24,391,84,21,29,47,46,267,95
Poweshiek,2012,"17,738",61,217,40,24,24,391,84,21,29,47,46,267,95
Poweshiek,2013,"17,738",61,217,40,24,24,391,84,21,29,47,46,267,95
Poweshiek,2014,"17,738",61,217,40,24,24,391,84,21,29,47,46,267,95
Poweshiek,2015,"17,738",61,217,40,24,24,391,84,21,29,47,46,267,95
Ringgold,2016,"4,708",36,5,9,10,11,38,33,0,10,99,36,62,30
Ringgold,2017,"4,708",36,5,9,10,11,38,33,0,10,99,36,62,30
Ringgold,2018,"4,708",36,5,9,10,11,38,33,0,10,99,36,62,30
Ringgold,2019,"4,708",36,5,9,10,11,38,33,0,10,99,36,62,30
Ringgold,2020,"4,708",36,5,9,10,11,38,33,0,10,99,36,62,30
Ringgold,2011,"4,949",27,12,11,28,21,24,17,0,13,1,2,47,31
Ringgold,2012,"4,949",27,12,11,28,21,24,17,0,13,1,2,47,31
Ringgold,2013,"4,949",27,12,11,28,21,24,17,0,13,1,2,47,31
Ringgold,2014,"4,949",27,12,11,28,21,24,17,0,13,1,2,47,31
Ringgold,2015,"4,949",27,12,11,28,21,24,17,0,13,1,2,47,31
Sac,2016,"9,452",47,70,58,0,14,38,34,0,14,53,46,98,46
Sac,2017,"9,452",47,70,58,0,14,38,34,0,14,53,46,98,46
Sac,2018,"9,452",47,70,58,0,14,38,34,0,14,53,46,98,46
Sac,2019,"9,452",47,70,58,0,14,38,34,0,14,53,46,98,46
Sac,2020,"9,452",47,70,58,0,14,38,34,0,14,53,46,98,46
Sac,2011,"9,889",30,71,37,2,4,0,15,3,5,32,27,104,37
Sac,2012,"9,889",30,71,37,2,4,0,15,3,5,32,27,104,37
Sac,2013,"9,889",30,71,37,2,4,0,15,3,5,32,27,104,37
Sac,2014,"9,889",30,71,37,2,4,0,15,3,5,32,27,104,37
Sac,2015,"9,889",30,71,37,2,4,0,15,3,5,32,27,104,37
Scott,2016,"145,722",546,"12,765",689,505,158,"4,827",252,21,25,"1,509",425,"7,589",845
Scott,2017,"145,722",546,"12,765",689,505,158,"4,827",252,21,25,"1,509",425,"7,589",845
Scott,2018,"145,722",546,"12,765",689,505,158,"4,827",252,21,25,"1,509",425,"7,589",845
Scott,2019,"145,722",546,"12,765",689,505,158,"4,827",252,21,25,"1,509",425,"7,589",845
Scott,2020,"145,722",546,"12,765",689,505,158,"4,827",252,21,25,"1,509",425,"7,589",845
Scott,2011,"146,516",552,"13,115",560,434,143,"3,892",220,16,19,"1,679",419,"4,342",736
Scott,2012,"146,516",552,"13,115",560,434,143,"3,892",220,16,19,"1,679",419,"4,342",736
Scott,2013,"146,516",552,"13,115",560,434,143,"3,892",220,16,19,"1,679",419,"4,342",736
Scott,2014,"146,516",552,"13,115",560,434,143,"3,892",220,16,19,"1,679",419,"4,342",736
Scott,2015,"146,516",552,"13,115",560,434,143,"3,892",220,16,19,"1,679",419,"4,342",736
Shelby,2016,"11,094",61,115,76,20,31,37,68,0,16,131,57,147,86
Shelby,2017,"11,094",61,115,76,20,31,37,68,0,16,131,57,147,86
Shelby,2018,"11,094",61,115,76,20,31,37,68,0,16,131,57,147,86
Shelby,2019,"11,094",61,115,76,20,31,37,68,0,16,131,57,147,86
Shelby,2020,"11,094",61,115,76,20,31,37,68,0,16,131,57,147,86
Shelby,2011,"11,521",61,23,15,13,15,58,14,0,15,203,84,174,45
Shelby,2012,"11,521",61,23,15,13,15,58,14,0,15,203,84,174,45
Shelby,2013,"11,521",61,23,15,13,15,58,14,0,15,203,84,174,45
Shelby,2014,"11,521",61,23,15,13,15,58,14,0,15,203,84,174,45
Shelby,2015,"11,521",61,23,15,13,15,58,14,0,15,203,84,174,45
Sioux,2016,"32,621",315,143,49,92,82,206,82,16,18,787,287,"1,035",264
Sioux,2017,"32,621",315,143,49,92,82,206,82,16,18,787,287,"1,035",264
Sioux,2018,"32,621",315,143,49,92,82,206,82,16,18,787,287,"1,035",264
Sioux,2019,"32,621",315,143,49,92,82,206,82,16,18,787,287,"1,035",264
Sioux,2020,"32,621",315,143,49,92,82,206,82,16,18,787,287,"1,035",264
Sioux,2011,"31,934",355,150,34,86,41,254,49,6,11,"1,701",369,378,96
Sioux,2012,"31,934",355,150,34,86,41,254,49,6,11,"1,701",369,378,96
Sioux,2013,"31,934",355,150,34,86,41,254,49,6,11,"1,701",369,378,96
Sioux,2014,"31,934",355,150,34,86,41,254,49,6,11,"1,701",369,378,96
Sioux,2015,"31,934",355,150,34,86,41,254,49,6,11,"1,701",369,378,96
Story,2016,"82,952",470,"2,119",311,145,41,"7,825",278,0,23,"1,106",298,"3,208",547
Story,2017,"82,952",470,"2,119",311,145,41,"7,825",278,0,23,"1,106",298,"3,208",547
Story,2018,"82,952",470,"2,119",311,145,41,"7,825",278,0,23,"1,106",298,"3,208",547
Story,2019,"82,952",470,"2,119",311,145,41,"7,825",278,0,23,"1,106",298,"3,208",547
Story,2020,"82,952",470,"2,119",311,145,41,"7,825",278,0,23,"1,106",298,"3,208",547
Story,2011,"82,374",160,"2,274",248,173,112,"6,132",361,31,36,317,87,"2,285",442
Story,2012,"82,374",160,"2,274",248,173,112,"6,132",361,31,36,317,87,"2,285",442
Story,2013,"82,374",160,"2,274",248,173,112,"6,132",361,31,36,317,87,"2,285",442
Story,2014,"82,374",160,"2,274",248,173,112,"6,132",361,31,36,317,87,"2,285",442
Story,2015,"82,374",160,"2,274",248,173,112,"6,132",361,31,36,317,87,"2,285",442
Tama,2016,"14,720",157,106,42,"1,354",103,57,46,6,15,130,94,589,85
Tama,2017,"14,720",157,106,42,"1,354",103,57,46,6,15,130,94,589,85
Tama,2018,"14,720",157,106,42,"1,354",103,57,46,6,15,130,94,589,85
Tama,2019,"14,720",157,106,42,"1,354",103,57,46,6,15,130,94,589,85
Tama,2020,"14,720",157,106,42,"1,354",103,57,46,6,15,130,94,589,85
Tama,2011,"15,501",165,89,28,"1,273",75,46,25,5,7,225,123,340,84
Tama,2012,"15,501",165,89,28,"1,273",75,46,25,5,7,225,123,340,84
Tama,2013,"15,501",165,89,28,"1,273",75,46,25,5,7,225,123,340,84
Tama,2014,"15,501",165,89,28,"1,273",75,46,25,5,7,225,123,340,84
Tama,2015,"15,501",165,89,28,"1,273",75,46,25,5,7,225,123,340,84
Taylor,2016,"5,808",71,1,2,9,12,9,13,0,14,155,77,178,65
Taylor,2017,"5,808",71,1,2,9,12,9,13,0,14,155,77,178,65
Taylor,2018,"5,808",71,1,2,9,12,9,13,0,14,155,77,178,65
Taylor,2019,"5,808",71,1,2,9,12,9,13,0,14,155,77,178,65
Taylor,2020,"5,808",71,1,2,9,12,9,13,0,14,155,77,178,65
Taylor,2011,"5,957",107,13,9,18,15,38,16,0,13,108,104,79,51
Taylor,2012,"5,957",107,13,9,18,15,38,16,0,13,108,104,79,51
Taylor,2013,"5,957",107,13,9,18,15,38,16,0,13,108,104,79,51
Taylor,2014,"5,957",107,13,9,18,15,38,16,0,13,108,104,79,51
Taylor,2015,"5,957",107,13,9,18,15,38,16,0,13,108,104,79,51
Union,2016,"11,779",71,21,32,0,16,204,86,8,16,116,70,175,75
Union,2017,"11,779",71,21,32,0,16,204,86,8,16,116,70,175,75
Union,2018,"11,779",71,21,32,0,16,204,86,8,16,116,70,175,75
Union,2019,"11,779",71,21,32,0,16,204,86,8,16,116,70,175,75
Union,2020,"11,779",71,21,32,0,16,204,86,8,16,116,70,175,75
Union,2011,"12,244",28,124,85,51,34,42,34,14,28,1,2,99,66
Union,2012,"12,244",28,124,85,51,34,42,34,14,28,1,2,99,66
Union,2013,"12,244",28,124,85,51,34,42,34,14,28,1,2,99,66
Union,2014,"12,244",28,124,85,51,34,42,34,14,28,1,2,99,66
Union,2015,"12,244",28,124,85,51,34,42,34,14,28,1,2,99,66
Van Buren,2016,"6,914",36,21,11,0,14,34,24,0,14,25,30,110,26
Van Buren,2017,"6,914",36,21,11,0,14,34,24,0,14,25,30,110,26
Van Buren,2018,"6,914",36,21,11,0,14,34,24,0,14,25,30,110,26
Van Buren,2019,"6,914",36,21,11,0,14,34,24,0,14,25,30,110,26
Van Buren,2020,"6,914",36,21,11,0,14,34,24,0,14,25,30,110,26
Van Buren,2011,"7,278",30,45,42,9,10,18,17,0,13,6,10,76,22
Van Buren,2012,"7,278",30,45,42,9,10,18,17,0,13,6,10,76,22
Van Buren,2013,"7,278",30,45,42,9,10,18,17,0,13,6,10,76,22
Van Buren,2014,"7,278",30,45,42,9,10,18,17,0,13,6,10,76,22
Van Buren,2015,"7,278",30,45,42,9,10,18,17,0,13,6,10,76,22
Wapello,2016,"30,517",365,"1,298",145,86,83,507,71,303,19,"1,322",331,"1,069",245
Wapello,2017,"30,517",365,"1,298",145,86,83,507,71,303,19,"1,322",331,"1,069",245
Wapello,2018,"30,517",365,"1,298",145,86,83,507,71,303,19,"1,322",331,"1,069",245
Wapello,2019,"30,517",365,"1,298",145,86,83,507,71,303,19,"1,322",331,"1,069",245
Wapello,2020,"30,517",365,"1,298",145,86,83,507,71,303,19,"1,322",331,"1,069",245
Wapello,2011,"32,494",414,728,111,55,48,317,35,7,11,"1,239",415,475,113
Wapello,2012,"32,494",414,728,111,55,48,317,35,7,11,"1,239",415,475,113
Wapello,2013,"32,494",414,728,111,55,48,317,35,7,11,"1,239",415,475,113
Wapello,2014,"32,494",414,728,111,55,48,317,35,7,11,"1,239",415,475,113
Wapello,2015,"32,494",414,728,111,55,48,317,35,7,11,"1,239",415,475,113
Warren,2016,"48,594",164,301,172,24,30,388,88,141,123,325,153,"1,094",231
Warren,2017,"48,594",164,301,172,24,30,388,88,141,123,325,153,"1,094",231
Warren,2018,"48,594",164,301,172,24,30,388,88,141,123,325,153,"1,094",231
Warren,2019,"48,594",164,301,172,24,30,388,88,141,123,325,153,"1,094",231
Warren,2020,"48,594",164,301,172,24,30,388,88,141,123,325,153,"1,094",231
Warren,2011,"46,034",111,239,113,98,76,183,51,51,77,177,83,760,126
Warren,2012,"46,034",111,239,113,98,76,183,51,51,77,177,83,760,126
Warren,2013,"46,034",111,239,113,98,76,183,51,51,77,177,83,760,126
Warren,2014,"46,034",111,239,113,98,76,183,51,51,77,177,83,760,126
Warren,2015,"46,034",111,239,113,98,76,183,51,51,77,177,83,760,126
Washington,2016,"20,790",266,147,48,45,30,97,31,6,7,579,264,436,68
Washington,2017,"20,790",266,147,48,45,30,97,31,6,7,579,264,436,68
Washington,2018,"20,790",266,147,48,45,30,97,31,6,7,579,264,436,68
Washington,2019,"20,790",266,147,48,45,30,97,31,6,7,579,264,436,68
Washington,2020,"20,790",266,147,48,45,30,97,31,6,7,579,264,436,68
Washington,2011,"21,112",179,183,77,2,3,101,45,12,18,255,140,352,104
Washington,2012,"21,112",179,183,77,2,3,101,45,12,18,255,140,352,104
Washington,2013,"21,112",179,183,77,2,3,101,45,12,18,255,140,352,104
Washington,2014,"21,112",179,183,77,2,3,101,45,12,18,255,140,352,104
Washington,2015,"21,112",179,183,77,2,3,101,45,12,18,255,140,352,104
Wayne,2016,"6,165",77,12,12,31,28,5,12,0,14,35,30,178,85
Wayne,2017,"6,165",77,12,12,31,28,5,12,0,14,35,30,178,85
Wayne,2018,"6,165",77,12,12,31,28,5,12,0,14,35,30,178,85
Wayne,2019,"6,165",77,12,12,31,28,5,12,0,14,35,30,178,85
Wayne,2020,"6,165",77,12,12,31,28,5,12,0,14,35,30,178,85
Wayne,2011,"6,235",53,30,15,20,20,4,6,0,13,0,13,95,49
Wayne,2012,"6,235",53,30,15,20,20,4,6,0,13,0,13,95,49
Wayne,2013,"6,235",53,30,15,20,20,4,6,0,13,0,13,95,49
Wayne,2014,"6,235",53,30,15,20,20,4,6,0,13,0,13,95,49
Wayne,2015,"6,235",53,30,15,20,20,4,6,0,13,0,13,95,49
Webster,2016,"32,516",278,"1,567",163,114,43,494,19,5,5,573,256,"1,079",139
Webster,2017,"32,516",278,"1,567",163,114,43,494,19,5,5,573,256,"1,079",139
Webster,2018,"32,516",278,"1,567",163,114,43,494,19,5,5,573,256,"1,079",139
Webster,2019,"32,516",278,"1,567",163,114,43,494,19,5,5,573,256,"1,079",139
Webster,2020,"32,516",278,"1,567",163,114,43,494,19,5,5,573,256,"1,079",139
Webster,2011,"34,283",196,"1,604",156,144,51,406,37,0,20,276,146,582,156
Webster,2012,"34,283",196,"1,604",156,144,51,406,37,0,20,276,146,582,156
Webster,2013,"34,283",196,"1,604",156,144,51,406,37,0,20,276,146,582,156
Webster,2014,"34,283",196,"1,604",156,144,51,406,37,0,20,276,146,582,156
Webster,2015,"34,283",196,"1,604",156,144,51,406,37,0,20,276,146,582,156
Winnebago,2016,"9,920",62,162,57,31,47,132,8,0,16,82,59,147,76
Winnebago,2017,"9,920",62,162,57,31,47,132,8,0,16,82,59,147,76
Winnebago,2018,"9,920",62,162,57,31,47,132,8,0,16,82,59,147,76
Winnebago,2019,"9,920",62,162,57,31,47,132,8,0,16,82,59,147,76
Winnebago,2020,"9,920",62,162,57,31,47,132,8,0,16,82,59,147,76
Winnebago,2011,"10,168",76,98,60,80,62,115,12,1,2,38,30,114,65
Winnebago,2012,"10,168",76,98,60,80,62,115,12,1,2,38,30,114,65
Winnebago,2013,"10,168",76,98,60,80,62,115,12,1,2,38,30,114,65
Winnebago,2014,"10,168",76,98,60,80,62,115,12,1,2,38,30,114,65
Winnebago,2015,"10,168",76,98,60,80,62,115,12,1,2,38,30,114,65
Winneshiek,2016,"19,347",85,183,97,67,69,183,78,2,5,154,81,154,80
Winneshiek,2017,"19,347",85,183,97,67,69,183,78,2,5,154,81,154,80
Winneshiek,2018,"19,347",85,183,97,67,69,183,78,2,5,154,81,154,80
Winneshiek,2019,"19,347",85,183,97,67,69,183,78,2,5,154,81,154,80
Winneshiek,2020,"19,347",85,183,97,67,69,183,78,2,5,154,81,154,80
Winneshiek,2011,"20,189",81,198,22,62,60,259,79,0,17,62,59,114,63
Winneshiek,2012,"20,189",81,198,22,62,60,259,79,0,17,62,59,114,63
Winneshiek,2013,"20,189",81,198,22,62,60,259,79,0,17,62,59,114,63
Winneshiek,2014,"20,189",81,198,22,62,60,259,79,0,17,62,59,114,63
Winneshiek,2015,"20,189",81,198,22,62,60,259,79,0,17,62,59,114,63
Woodbury,2016,"85,615",812,"3,860",535,"1,872",331,"2,664",212,413,60,"2,669",666,"5,594",903
Woodbury,2017,"85,615",812,"3,860",535,"1,872",331,"2,664",212,413,60,"2,669",666,"5,594",903
Woodbury,2018,"85,615",812,"3,860",535,"1,872",331,"2,664",212,413,60,"2,669",666,"5,594",903
Woodbury,2019,"85,615",812,"3,860",535,"1,872",331,"2,664",212,413,60,"2,669",666,"5,594",903
Woodbury,2020,"85,615",812,"3,860",535,"1,872",331,"2,664",212,413,60,"2,669",666,"5,594",903
Woodbury,2011,"87,371",838,"2,862",303,"1,859",242,"2,681",158,20,32,"4,728",791,"3,009",561
Woodbury,2012,"87,371",838,"2,862",303,"1,859",242,"2,681",158,20,32,"4,728",791,"3,009",561
Woodbury,2013,"87,371",838,"2,862",303,"1,859",242,"2,681",158,20,32,"4,728",791,"3,009",561
Woodbury,2014,"87,371",838,"2,862",303,"1,859",242,"2,681",158,20,32,"4,728",791,"3,009",561
Woodbury,2015,"87,371",838,"2,862",303,"1,859",242,"2,681",158,20,32,"4,728",791,"3,009",561
Worth,2016,"7,065",45,60,32,0,14,31,17,2,3,39,29,225,59
Worth,2017,"7,065",45,60,32,0,14,31,17,2,3,39,29,225,59
Worth,2018,"7,065",45,60,32,0,14,31,17,2,3,39,29,225,59
Worth,2019,"7,065",45,60,32,0,14,31,17,2,3,39,29,225,59
Worth,2020,"7,065",45,60,32,0,14,31,17,2,3,39,29,225,59
Worth,2011,"7,351",33,73,34,10,11,12,8,0,13,19,18,98,42
Worth,2012,"7,351",33,73,34,10,11,12,8,0,13,19,18,98,42
Worth,2013,"7,351",33,73,34,10,11,12,8,0,13,19,18,98,42
Worth,2014,"7,351",33,73,34,10,11,12,8,0,13,19,18,98,42
Worth,2015,"7,351",33,73,34,10,11,12,8,0,13,19,18,98,42
Wright,2016,"11,829",236,19,23,2,5,12,15,0,16,380,216,402,121
Wright,2017,"11,829",236,19,23,2,5,12,15,0,16,380,216,402,121
Wright,2018,"11,829",236,19,23,2,5,12,15,0,16,380,216,402,121
Wright,2019,"11,829",236,19,23,2,5,12,15,0,16,380,216,402,121
Wright,2020,"11,829",236,19,23,2,5,12,15,0,16,380,216,402,121
Wright,2011,"12,247",180,49,30,31,37,65,14,14,22,367,180,163,42
Wright,2012,"12,247",180,49,30,31,37,65,14,14,22,367,180,163,42
Wright,2013,"12,247",180,49,30,31,37,65,14,14,22,367,180,163,42
Wright,2014,"12,247",180,49,30,31,37,65,14,14,22,367,180,163,42
Wright,2015,"12,247",180,49,30,31,37,65,14,14,22,367,180,163,42
